Datetime;open;close;high;low;volume
1596123900000;12.02;11.98;12.02;11.96;1234
1596124800000;11.97;11.98;12.0;11.95;741
1596125700000;11.97;12.03;12.03;11.96;805
1596126600000;12.03;12.07;12.09;12.03;891
1596127500000;12.07;12.06;12.09;12.06;547
1596128400000;12.05;12.08;12.08;12.04;636
1596129300000;12.07;12.11;12.12;12.07;659
1596130200000;12.11;12.04;12.12;12.04;590
1596131100000;12.04;11.97;12.05;11.96;804
1596132000000;11.98;11.99;12.02;11.97;563
1596132900000;11.98;12.0;12.02;11.98;884
1596133800000;11.99;12.04;12.05;11.97;1203
1596134700000;12.04;12.04;12.06;12.03;694
1596135600000;12.04;12.0;12.05;11.99;812
1596136500000;12.0;11.97;12.04;11.95;1114
1596137400000;11.97;11.99;11.99;11.94;1245
1596138300000;11.99;11.98;12.01;11.97;861
1596203100000;11.85;11.84;11.97;11.69;1864
1596204000000;11.84;11.92;11.97;11.84;2281
1596204900000;11.93;11.86;12.0;11.85;2137
1596205800000;11.85;11.78;11.86;11.74;2371
1596206700000;11.77;11.73;11.79;11.71;1874
1596207600000;11.72;11.79;11.79;11.7;1931
1596208500000;11.78;11.75;11.8;11.72;931
1596209400000;11.74;11.75;11.78;11.74;935
1596210300000;11.75;11.68;11.76;11.67;1215
1596211200000;11.69;11.66;11.71;11.65;1152
1596212100000;11.65;11.72;11.72;11.63;1462
1596213000000;11.72;11.67;11.72;11.64;986
1596213900000;11.67;11.62;11.68;11.59;864
1596214800000;11.61;11.58;11.61;11.55;870
1596215700000;11.57;11.69;11.7;11.57;1032
1596216600000;11.69;11.72;11.72;11.69;548
1596217500000;11.72;11.72;11.73;11.71;477
1596218400000;11.71;11.76;11.78;11.71;896
1596219300000;11.77;11.75;11.81;11.74;984
1596220200000;11.75;11.75;11.76;11.74;343
1596221100000;11.75;11.77;11.78;11.74;482
1596222000000;11.77;11.76;11.78;11.75;269
1596222900000;11.75;11.72;11.75;11.72;595
1596223800000;11.71;11.7;11.72;11.7;510
1596224700000;11.71;11.7;11.72;11.7;720
1596462300000;11.78;11.75;11.81;11.69;1185
1596463200000;11.75;11.84;11.88;11.72;1508
1596464100000;11.84;11.94;11.94;11.84;1182
1596465000000;11.93;11.93;11.95;11.92;869
1596465900000;11.94;11.9;11.95;11.88;1161
1596466800000;11.89;11.87;11.89;11.83;1323
1596467700000;11.87;11.9;11.91;11.87;862
1596468600000;11.9;11.95;11.97;11.9;740
1596469500000;11.95;11.95;11.96;11.92;907
1596470400000;11.95;11.91;11.96;11.91;1121
1596471300000;11.91;11.94;11.94;11.89;748
1596472200000;11.93;11.93;11.94;11.89;1231
1596473100000;11.93;11.94;11.94;11.91;500
1596474000000;11.95;11.93;11.96;11.93;735
1596474900000;11.92;11.92;11.94;11.91;598
1596475800000;11.92;11.95;11.98;11.92;773
1596476700000;11.94;11.95;11.98;11.94;791
1596477600000;11.95;11.96;11.96;11.93;625
1596478500000;11.97;11.98;11.99;11.96;857
1596479400000;11.97;11.98;12.0;11.97;494
1596480300000;11.97;11.98;11.98;11.96;252
1596481200000;11.98;11.96;11.98;11.96;570
1596482100000;11.97;11.97;11.98;11.96;308
1596483000000;11.97;11.98;11.98;11.95;648
1596483900000;11.98;11.93;11.98;11.92;615
1596548700000;11.8;11.92;11.98;11.75;1554
1596549600000;11.91;11.95;12.0;11.81;1877
1596550500000;11.95;12.01;12.05;11.88;1376
1596551400000;12.01;11.98;12.04;11.96;1331
1596552300000;11.98;11.98;11.98;11.92;983
1596553200000;11.97;11.99;12.01;11.97;936
1596554100000;11.98;12.01;12.03;11.98;924
1596555000000;12.02;12.03;12.05;12.02;597
1596555900000;12.02;12.05;12.08;12.02;781
1596556800000;12.06;12.03;12.06;12.01;810
1596557700000;12.03;12.01;12.04;12.01;606
1596558600000;12.02;12.08;12.08;12.02;807
1596559500000;12.07;12.06;12.09;12.06;451
1596560400000;12.07;12.06;12.07;12.06;11
1596561300000;12.06;12.07;12.09;12.04;746
1596562200000;12.06;12.05;12.07;12.04;305
1596563100000;12.05;12.07;12.09;12.05;568
1596564000000;12.07;12.13;12.13;12.07;442
1596564900000;12.13;12.14;12.14;12.11;616
1596565800000;12.13;12.16;12.18;12.13;636
1596566700000;12.15;12.12;12.16;12.1;649
1596567600000;12.12;12.18;12.18;12.11;514
1596568500000;12.16;12.15;12.16;12.13;483
1596569400000;12.16;12.19;12.19;12.15;706
1596570300000;12.18;12.16;12.18;12.13;311
1596635100000;12.15;12.07;12.26;12.02;1190
1596636000000;12.07;11.95;12.07;11.92;1441
1596636900000;11.95;11.98;11.98;11.89;1569
1596637800000;11.97;11.81;11.97;11.81;1119
1596638700000;11.82;11.76;11.87;11.76;1283
1596639600000;11.76;11.8;11.83;11.76;833
1596640500000;11.8;11.73;11.81;11.67;1315
1596641400000;11.73;11.7;11.75;11.7;959
1596642300000;11.71;11.67;11.73;11.66;1238
1596643200000;11.67;11.64;11.68;11.6;1095
1596644100000;11.64;11.66;11.67;11.62;857
1596645000000;11.66;11.62;11.66;11.62;439
1596645900000;11.61;11.62;11.63;11.59;544
1596646800000;11.63;11.62;11.65;11.61;594
1596647700000;11.62;11.61;11.63;11.6;487
1596648600000;11.6;11.63;11.63;11.58;768
1596649500000;11.62;11.6;11.64;11.59;760
1596650400000;11.61;11.63;11.64;11.61;474
1596651300000;11.63;11.59;11.64;11.58;506
1596652200000;11.58;11.58;11.61;11.58;417
1596653100000;11.59;11.56;11.6;11.55;431
1596654000000;11.56;11.55;11.57;11.55;464
1596654900000;11.55;11.52;11.56;11.51;414
1596655800000;11.52;11.51;11.54;11.51;685
1596656700000;11.52;11.5;11.52;11.49;434
1596721500000;11.5;11.74;11.76;11.47;1377
1596722400000;11.74;11.79;11.79;11.67;1634
1596723300000;11.78;11.67;11.79;11.67;1680
1596724200000;11.67;11.69;11.71;11.67;1217
1596725100000;11.69;11.67;11.71;11.62;947
1596726000000;11.68;11.68;11.7;11.65;672
1596726900000;11.68;11.69;11.69;11.68;315
1596727800000;11.68;11.7;11.73;11.68;748
1596728700000;11.7;11.65;11.7;11.64;349
1596729600000;11.65;11.67;11.7;11.65;581
1596730500000;11.67;11.69;11.69;11.67;360
1596731400000;11.7;11.69;11.71;11.67;392
1596732300000;11.69;11.72;11.72;11.68;305
1596733200000;11.72;11.7;11.72;11.69;245
1596734100000;11.71;11.69;11.71;11.69;252
1596735000000;11.69;11.69;11.7;11.68;317
1596735900000;11.68;11.7;11.7;11.68;377
1596736800000;11.7;11.7;11.7;11.7;106
1596737700000;11.7;11.7;11.7;11.7;64
1596738600000;11.69;11.7;11.7;11.69;236
1596740400000;11.7;11.73;11.73;11.7;824
1596741300000;11.72;11.71;11.72;11.71;239
1596743100000;11.7;11.7;11.7;11.7;482
1596807900000;11.54;11.68;11.76;11.54;806
1596808800000;11.7;11.62;11.75;11.59;780
1596809700000;11.62;11.78;11.8;11.61;645
1596810600000;11.77;11.74;11.79;11.74;1067
1596811500000;11.74;11.72;11.76;11.7;791
1596812400000;11.72;11.73;11.74;11.7;539
1596813300000;11.73;11.82;11.82;11.73;783
1596814200000;11.81;11.74;11.81;11.72;709
1596815100000;11.74;11.77;11.79;11.71;898
1596816000000;11.77;11.72;11.78;11.71;371
1596816900000;11.72;11.72;11.74;11.72;313
1596817800000;11.72;11.76;11.77;11.7;743
1596818700000;11.75;11.79;11.79;11.71;999
1596819600000;11.79;11.88;11.89;11.79;666
1596820500000;11.88;11.79;11.88;11.76;666
1596821400000;11.79;11.79;11.8;11.77;318
1596822300000;11.79;11.78;11.79;11.73;449
1596823200000;11.79;11.79;11.79;11.76;419
1596824100000;11.77;11.76;11.77;11.74;407
1596825000000;11.76;11.8;11.8;11.75;559
1596825900000;11.79;11.81;11.81;11.77;432
1596826800000;11.81;11.82;11.86;11.8;721
1596827700000;11.81;11.78;11.81;11.78;397
1596828600000;11.78;11.78;11.8;11.76;459
1596829500000;11.78;11.8;11.8;11.78;334
1597067100000;11.95;12.14;12.21;11.81;1287
1597068000000;12.14;12.17;12.17;12.05;1148
1597068900000;12.17;12.12;12.17;12.01;942
1597069800000;12.11;12.02;12.12;11.88;1588
1597070700000;12.04;12.08;12.08;11.98;940
1597071600000;12.1;12.05;12.1;12.03;880
1597072500000;12.05;12.06;12.07;12.0;736
1597073400000;12.05;12.06;12.07;11.99;685
1597074300000;12.02;11.95;12.05;11.92;832
1597075200000;11.95;11.97;12.02;11.94;754
1597076100000;11.97;11.88;11.97;11.82;734
1597077000000;11.87;11.87;11.93;11.84;906
1597077900000;11.87;11.82;11.87;11.75;648
1597078800000;11.81;11.76;11.81;11.69;763
1597079700000;11.74;11.62;11.75;11.58;1055
1597080600000;11.62;11.66;11.67;11.57;582
1597081500000;11.65;11.66;11.7;11.62;546
1597082400000;11.66;11.63;11.68;11.58;554
1597083300000;11.63;11.57;11.65;11.57;707
1597084200000;11.57;11.56;11.62;11.53;640
1597085100000;11.52;11.52;11.57;11.48;934
1597086000000;11.52;11.54;11.55;11.48;697
1597086900000;11.54;11.57;11.61;11.52;718
1597087800000;11.58;11.63;11.63;11.58;382
1597088700000;11.62;11.76;11.77;11.62;848
1597153500000;11.84;12.29;12.37;11.84;1089
1597154400000;12.27;12.27;12.28;12.21;1553
1597155300000;12.27;12.29;12.32;12.19;2259
1597156200000;12.31;12.59;12.59;12.31;2425
1597157100000;12.59;12.72;12.72;12.48;2105
1597158000000;12.72;12.92;12.94;12.7;2492
1597158900000;12.94;12.7;12.96;12.68;2799
1597159800000;12.69;12.75;12.77;12.66;1999
1597160700000;12.74;12.79;12.81;12.71;1264
1597161600000;12.8;12.66;12.81;12.65;1200
1597162500000;12.67;12.7;12.78;12.58;1386
1597163400000;12.7;12.63;12.7;12.59;1103
1597164300000;12.63;12.59;12.63;12.5;1611
1597165200000;12.58;12.68;12.68;12.58;731
1597166100000;12.67;12.63;12.68;12.57;871
1597167000000;12.64;12.63;12.65;12.59;619
1597167900000;12.63;12.65;12.66;12.6;719
1597168800000;12.65;12.72;12.74;12.65;667
1597169700000;12.72;12.67;12.72;12.65;976
1597170600000;12.67;12.65;12.71;12.62;963
1597171500000;12.65;12.62;12.67;12.62;758
1597172400000;12.62;12.59;12.62;12.56;1009
1597173300000;12.58;12.56;12.6;12.52;1002
1597174200000;12.57;12.51;12.58;12.47;898
1597175100000;12.51;12.46;12.53;12.45;896
1597239900000;12.53;12.52;12.66;12.37;1546
1597240800000;12.53;12.32;12.53;12.32;1139
1597241700000;12.33;12.32;12.39;12.28;1457
1597242600000;12.31;12.28;12.35;12.23;1610
1597243500000;12.28;12.19;12.31;12.18;1528
1597244400000;12.18;12.12;12.2;12.11;1376
1597245300000;12.13;12.05;12.14;12.05;845
1597246200000;12.05;12.06;12.06;12.01;737
1597247100000;12.06;11.98;12.06;11.96;918
1597248000000;11.97;12.06;12.06;11.97;609
1597248900000;12.06;12.06;12.09;12.06;353
1597249800000;12.04;12.07;12.09;12.02;386
1597250700000;12.07;12.15;12.15;12.07;418
1597251600000;12.16;12.09;12.16;12.07;419
1597252500000;12.09;12.04;12.09;12.01;479
1597253400000;12.04;12.04;12.05;12.0;414
1597254300000;12.05;12.05;12.06;12.03;329
1597255200000;12.05;12.05;12.07;12.03;388
1597256100000;12.05;12.09;12.09;12.05;298
1597257000000;12.09;12.12;12.12;12.09;235
1597257900000;12.12;12.29;12.29;12.12;754
1597258800000;12.29;12.23;12.32;12.23;752
1597259700000;12.23;12.24;12.25;12.21;685
1597260600000;12.25;12.23;12.26;12.21;438
1597261500000;12.22;12.19;12.22;12.18;867
1597326300000;12.07;12.22;12.22;12.0;1068
1597327200000;12.21;12.28;12.28;12.05;1959
1597328100000;12.27;12.28;12.38;12.25;1515
1597329000000;12.28;12.23;12.31;12.18;1393
1597329900000;12.22;12.24;12.3;12.2;1660
1597330800000;12.23;12.29;12.32;12.2;1128
1597331700000;12.3;12.29;12.31;12.2;839
1597332600000;12.29;12.28;12.31;12.24;897
1597333500000;12.28;12.31;12.32;12.26;779
1597334400000;12.31;12.35;12.36;12.31;430
1597335300000;12.35;12.33;12.36;12.32;202
1597336200000;12.33;12.35;12.36;12.33;578
1597337100000;12.35;12.31;12.36;12.31;419
1597338000000;12.3;12.37;12.39;12.3;547
1597338900000;12.38;12.35;12.39;12.34;328
1597339800000;12.35;12.38;12.39;12.35;413
1597340700000;12.37;12.35;12.37;12.31;508
1597341600000;12.35;12.36;12.39;12.35;525
1597342500000;12.35;12.34;12.38;12.33;530
1597343400000;12.34;12.41;12.42;12.34;638
1597344300000;12.41;12.33;12.41;12.32;649
1597345200000;12.35;12.3;12.41;12.3;1598
1597346100000;12.3;12.34;12.35;12.27;865
1597347000000;12.35;12.36;12.36;12.35;510
1597347900000;12.37;12.35;12.39;12.34;630
1597412700000;12.17;12.21;12.25;12.1;1210
1597413600000;12.2;12.27;12.28;12.11;1272
1597414500000;12.27;12.24;12.29;12.23;1200
1597415400000;12.23;12.36;12.37;12.22;1093
1597416300000;12.36;12.36;12.39;12.31;1004
1597417200000;12.36;12.36;12.39;12.35;839
1597418100000;12.36;12.37;12.38;12.33;692
1597419000000;12.37;12.46;12.49;12.36;779
1597419900000;12.46;12.49;12.5;12.46;433
1597420800000;12.49;12.49;12.52;12.47;567
1597421700000;12.49;12.51;12.52;12.46;501
1597422600000;12.5;12.48;12.5;12.47;317
1597423500000;12.47;12.5;12.5;12.47;411
1597424400000;12.5;12.48;12.5;12.47;206
1597425300000;12.48;12.48;12.48;12.48;166
1597426200000;12.48;12.48;12.48;12.46;208
1597427100000;12.49;12.53;12.53;12.49;313
1597428000000;12.53;12.53;12.55;12.53;518
1597428900000;12.52;12.48;12.52;12.47;558
1597429800000;12.48;12.45;12.48;12.44;386
1597430700000;12.45;12.44;12.51;12.44;625
1597431600000;12.43;12.38;12.43;12.36;684
1597432500000;12.37;12.32;12.37;12.32;518
1597433400000;12.31;12.34;12.35;12.3;469
1597434300000;12.35;12.31;12.35;12.3;648
1597671900000;12.3;12.2;12.37;12.12;1653
1597672800000;12.2;12.16;12.22;12.11;1308
1597673700000;12.16;12.2;12.24;12.08;1320
1597674600000;12.2;12.18;12.23;12.14;782
1597675500000;12.19;12.54;12.57;12.19;1672
1597676400000;12.53;12.44;12.53;12.41;1128
1597677300000;12.44;12.49;12.5;12.44;722
1597678200000;12.5;12.42;12.51;12.42;737
1597679100000;12.43;12.48;12.52;12.41;993
1597680000000;12.48;12.49;12.51;12.47;594
1597680900000;12.48;12.51;12.52;12.48;474
1597681800000;12.52;12.55;12.55;12.5;476
1597682700000;12.57;12.59;12.61;12.56;892
1597683600000;12.59;12.61;12.62;12.57;432
1597684500000;12.6;12.57;12.62;12.55;349
1597685400000;12.57;12.58;12.61;12.57;474
1597686300000;12.58;12.55;12.59;12.54;425
1597687200000;12.55;12.57;12.58;12.55;407
1597688100000;12.57;12.54;12.57;12.53;374
1597689000000;12.54;12.56;12.57;12.53;475
1597689900000;12.55;12.56;12.57;12.54;425
1597690800000;12.55;12.54;12.55;12.54;475
1597691700000;12.54;12.53;12.55;12.49;591
1597692600000;12.52;12.5;12.56;12.49;969
1597693500000;12.5;12.51;12.52;12.49;880
1597758300000;12.33;12.37;12.41;12.2;1097
1597759200000;12.36;12.26;12.38;12.26;1298
1597760100000;12.27;12.31;12.34;12.26;681
1597761000000;12.31;12.32;12.4;12.25;1103
1597761900000;12.32;12.3;12.35;12.28;958
1597762800000;12.29;12.3;12.31;12.27;523
1597763700000;12.3;12.22;12.31;12.22;901
1597764600000;12.25;12.2;12.25;12.16;743
1597765500000;12.21;12.2;12.25;12.18;629
1597766400000;12.18;12.23;12.24;12.16;652
1597767300000;12.22;12.24;12.27;12.22;448
1597768200000;12.25;12.24;12.27;12.24;455
1597769100000;12.25;12.29;12.31;12.21;715
1597770000000;12.28;12.26;12.29;12.23;521
1597770900000;12.26;12.29;12.29;12.26;245
1597771800000;12.28;12.27;12.29;12.24;629
1597772700000;12.27;12.26;12.33;12.25;756
1597773600000;12.26;12.28;12.29;12.26;376
1597774500000;12.28;12.27;12.29;12.25;421
1597775400000;12.26;12.25;12.27;12.25;300
1597776300000;12.25;12.2;12.25;12.2;420
1597777200000;12.2;12.19;12.2;12.16;324
1597778100000;12.19;12.19;12.21;12.18;376
1597779000000;12.2;12.19;12.2;12.19;255
1597779900000;12.19;12.21;12.23;12.19;486
1597844700000;12.16;12.34;12.36;12.12;1120
1597845600000;12.34;12.4;12.42;12.32;1131
1597846500000;12.4;12.37;12.46;12.3;1307
1597847400000;12.37;12.44;12.44;12.34;1022
1597848300000;12.43;12.51;12.52;12.43;833
1597849200000;12.51;12.49;12.54;12.43;836
1597850100000;12.49;12.47;12.51;12.47;607
1597851000000;12.47;12.48;12.49;12.43;533
1597851900000;12.48;12.49;12.51;12.48;387
1597852800000;12.5;12.48;12.51;12.47;661
1597853700000;12.48;12.41;12.49;12.4;620
1597854600000;12.4;12.45;12.45;12.4;409
1597855500000;12.46;12.46;12.51;12.46;431
1597856400000;12.47;12.47;12.48;12.44;399
1597857300000;12.46;12.5;12.5;12.45;360
1597858200000;12.5;12.53;12.54;12.5;303
1597859100000;12.53;12.52;12.53;12.51;331
1597860000000;12.52;12.52;12.54;12.5;343
1597860900000;12.51;12.51;12.52;12.5;144
1597861800000;12.51;12.53;12.55;12.51;762
1597862700000;12.54;12.53;12.55;12.52;539
1597863600000;12.53;12.56;12.56;12.53;526
1597864500000;12.56;12.58;12.58;12.56;301
1597865400000;12.59;12.59;12.6;12.58;568
1597866300000;12.59;12.53;12.59;12.49;1069
1597931100000;12.29;12.3;12.41;12.24;1442
1597932000000;12.29;12.38;12.42;12.27;1088
1597932900000;12.38;12.42;12.46;12.36;1299
1597933800000;12.42;12.36;12.44;12.36;767
1597934700000;12.37;12.39;12.41;12.36;768
1597935600000;12.39;12.35;12.41;12.35;639
1597936500000;12.35;12.34;12.36;12.34;396
1597937400000;12.36;12.37;12.38;12.35;277
1597938300000;12.36;12.31;12.36;12.31;487
1597939200000;12.3;12.27;12.3;12.27;270
1597940100000;12.26;12.26;12.31;12.26;620
1597941000000;12.27;12.27;12.28;12.27;192
1597941900000;12.26;12.2;12.27;12.19;673
1597942800000;12.2;12.19;12.2;12.18;320
1597943700000;12.18;12.13;12.18;12.12;827
1597944600000;12.13;12.19;12.19;12.13;462
1597945500000;12.2;12.22;12.22;12.2;162
1597946400000;12.21;12.17;12.23;12.17;575
1597947300000;12.18;12.22;12.22;12.18;422
1597948200000;12.21;12.22;12.22;12.21;133
1597949100000;12.23;12.23;12.23;12.21;493
1597950000000;12.22;12.2;12.22;12.19;497
1597950900000;12.2;12.25;12.25;12.2;595
1597951800000;12.24;12.25;12.25;12.24;503
1597952700000;12.24;12.24;12.25;12.24;476
1598017500000;12.0;12.08;12.18;12.0;1199
1598018400000;12.09;12.19;12.24;12.09;891
1598019300000;12.2;12.11;12.2;12.1;610
1598020200000;12.1;12.03;12.11;12.03;570
1598021100000;12.03;12.06;12.13;12.03;691
1598022000000;12.06;12.14;12.16;12.05;548
1598022900000;12.16;12.2;12.21;12.1;761
1598023800000;12.2;12.15;12.2;12.14;545
1598024700000;12.15;12.2;12.26;12.15;672
1598025600000;12.19;12.28;12.35;12.19;1063
1598026500000;12.29;12.36;12.38;12.25;778
1598027400000;12.36;12.33;12.37;12.32;391
1598028300000;12.34;12.35;12.35;12.33;366
1598029200000;12.34;12.28;12.34;12.28;466
1598030100000;12.28;12.31;12.32;12.25;481
1598031000000;12.31;12.34;12.34;12.29;423
1598031900000;12.34;12.37;12.37;12.32;553
1598032800000;12.37;12.38;12.39;12.36;335
1598033700000;12.37;12.39;12.41;12.36;371
1598034600000;12.39;12.39;12.41;12.37;403
1598035500000;12.39;12.39;12.4;12.38;302
1598036400000;12.38;12.36;12.39;12.35;443
1598037300000;12.37;12.35;12.37;12.33;667
1598038200000;12.34;12.32;12.34;12.3;385
1598039100000;12.32;12.31;12.34;12.3;549
1598276700000;12.46;12.45;12.48;12.32;1110
1598277600000;12.44;12.5;12.55;12.44;1231
1598278500000;12.5;12.54;12.61;12.49;1195
1598279400000;12.54;12.46;12.55;12.45;706
1598280300000;12.47;12.53;12.56;12.47;878
1598281200000;12.53;12.59;12.59;12.53;736
1598282100000;12.58;12.58;12.59;12.56;585
1598283000000;12.57;12.56;12.57;12.56;110
1598283900000;12.55;12.53;12.56;12.53;563
1598284800000;12.53;12.49;12.54;12.47;568
1598285700000;12.49;12.54;12.58;12.49;470
1598286600000;12.55;12.55;12.56;12.51;673
1598287500000;12.54;12.58;12.58;12.53;481
1598288400000;12.57;12.59;12.64;12.57;630
1598289300000;12.58;12.61;12.61;12.57;302
1598290200000;12.61;12.61;12.62;12.6;237
1598291100000;12.61;12.64;12.65;12.6;310
1598292000000;12.64;12.6;12.64;12.56;417
1598292900000;12.61;12.61;12.61;12.59;316
1598293800000;12.61;12.62;12.63;12.61;247
1598294700000;12.62;12.6;12.64;12.58;385
1598295600000;12.6;12.58;12.62;12.58;332
1598296500000;12.58;12.59;12.59;12.58;365
1598297400000;12.58;12.62;12.62;12.56;507
1598298300000;12.61;12.69;12.72;12.54;1325
1598363100000;12.72;12.61;12.85;12.59;934
1598364000000;12.61;12.64;12.71;12.61;1334
1598364900000;12.64;12.5;12.64;12.49;958
1598365800000;12.49;12.52;12.58;12.46;1540
1598366700000;12.5;12.49;12.52;12.44;1094
1598367600000;12.49;12.49;12.5;12.43;1059
1598368500000;12.49;12.48;12.52;12.45;828
1598369400000;12.45;12.47;12.5;12.45;836
1598370300000;12.46;12.42;12.47;12.39;817
1598371200000;12.42;12.45;12.47;12.41;577
1598372100000;12.44;12.44;12.47;12.43;621
1598373000000;12.44;12.51;12.51;12.44;573
1598373900000;12.5;12.53;12.53;12.49;361
1598374800000;12.52;12.5;12.54;12.49;361
1598375700000;12.49;12.51;12.51;12.49;224
1598376600000;12.51;12.55;12.55;12.51;286
1598377500000;12.55;12.58;12.59;12.55;434
1598378400000;12.58;12.58;12.59;12.55;486
1598379300000;12.59;12.58;12.59;12.57;272
1598380200000;12.57;12.6;12.61;12.54;369
1598381100000;12.59;12.61;12.61;12.59;291
1598382000000;12.6;12.61;12.63;12.59;380
1598382900000;12.6;12.64;12.64;12.6;438
1598383800000;12.63;12.65;12.65;12.63;271
1598384700000;12.65;12.65;12.66;12.65;248
1598449500000;12.56;12.57;12.6;12.46;822
1598450400000;12.57;12.65;12.68;12.57;731
1598451300000;12.66;12.71;12.74;12.63;1000
1598452200000;12.7;12.76;12.77;12.64;1459
1598453100000;12.75;12.7;12.8;12.7;976
1598454000000;12.7;12.7;12.72;12.63;865
1598454900000;12.71;12.72;12.75;12.64;860
1598455800000;12.71;12.7;12.73;12.67;636
1598456700000;12.69;12.71;12.71;12.67;494
1598457600000;12.71;12.72;12.73;12.7;357
1598458500000;12.72;12.71;12.73;12.68;506
1598459400000;12.72;12.73;12.74;12.72;269
1598460300000;12.72;12.72;12.73;12.71;313
1598461200000;12.73;12.75;12.76;12.73;583
1598462100000;12.75;12.76;12.77;12.75;215
1598463000000;12.76;12.76;12.79;12.75;311
1598463900000;12.75;12.76;12.77;12.73;376
1598464800000;12.75;12.77;12.77;12.74;355
1598465700000;12.77;12.79;12.8;12.76;323
1598466600000;12.79;12.81;12.81;12.79;240
1598467500000;12.8;12.78;12.8;12.76;526
1598468400000;12.79;12.77;12.79;12.77;532
1598469300000;12.78;12.78;12.78;12.78;283
1598470200000;12.79;12.79;12.79;12.79;192
1598471100000;12.79;12.74;12.79;12.72;491
1598535900000;12.65;12.83;12.91;12.65;1283
1598536800000;12.82;12.91;12.91;12.8;2909
1598537700000;12.91;12.84;12.96;12.82;3378
1598538600000;12.83;12.86;12.86;12.8;2649
1598539500000;12.86;12.81;12.88;12.81;2457
1598540400000;12.81;12.88;12.88;12.8;1618
1598541300000;12.87;12.84;12.89;12.83;1736
1598542200000;12.85;12.77;12.85;12.75;1873
1598543100000;12.77;12.76;12.79;12.76;980
1598544000000;12.76;12.78;12.78;12.71;320
1598544900000;12.77;12.75;12.78;12.7;535
1598545800000;12.74;12.72;12.75;12.71;402
1598546700000;12.72;12.72;12.74;12.7;804
1598547600000;12.71;12.77;12.78;12.7;586
1598548500000;12.76;12.79;12.79;12.74;339
1598549400000;12.79;12.81;12.83;12.78;460
1598550300000;12.82;12.83;12.84;12.8;375
1598551200000;12.83;12.81;12.83;12.76;465
1598552100000;12.81;12.81;12.82;12.79;250
1598553000000;12.81;12.8;12.81;12.79;247
1598553900000;12.8;12.79;12.8;12.78;479
1598554800000;12.78;12.79;12.8;12.78;439
1598555700000;12.79;12.79;12.79;12.77;297
1598556600000;12.78;12.79;12.79;12.77;780
1598557500000;12.78;12.77;12.78;12.77;183
1598622300000;12.74;12.7;12.85;12.66;945
1598623200000;12.7;12.74;12.83;12.7;980
1598624100000;12.74;12.78;12.81;12.7;1017
1598625000000;12.79;12.79;12.82;12.72;613
1598625900000;12.78;12.87;12.87;12.76;1038
1598626800000;12.87;12.86;12.88;12.83;649
1598627700000;12.86;12.93;12.94;12.84;730
1598628600000;12.93;12.92;12.95;12.89;531
1598629500000;12.91;12.92;12.92;12.86;532
1598630400000;12.92;12.89;12.93;12.89;419
1598631300000;12.89;12.89;12.91;12.89;235
1598632200000;12.89;12.89;12.9;12.89;429
1598633100000;12.88;12.88;12.91;12.87;389
1598634000000;12.88;12.88;12.89;12.88;264
1598634900000;12.88;12.9;12.9;12.86;293
1598635800000;12.9;12.87;12.9;12.87;599
1598636700000;12.86;12.88;12.89;12.86;331
1598637600000;12.88;12.88;12.88;12.87;274
1598638500000;12.88;12.86;12.89;12.86;375
1598639400000;12.85;12.86;12.87;12.85;420
1598640300000;12.87;12.86;12.88;12.86;438
1598641200000;12.85;12.86;12.86;12.85;514
1598642100000;12.86;12.86;12.88;12.84;579
1598643000000;12.86;12.86;12.86;12.85;297
1598643900000;12.87;12.89;12.89;12.87;264
1598881500000;12.75;12.77;12.84;12.72;1104
1598882400000;12.77;12.89;12.9;12.74;1075
1598883300000;12.89;12.83;12.92;12.81;849
1598884200000;12.82;12.79;12.83;12.77;353
1598885100000;12.79;12.83;12.86;12.77;636
1598886000000;12.83;12.77;12.84;12.77;329
1598886900000;12.78;12.81;12.82;12.76;621
1598887800000;12.8;12.7;12.8;12.7;685
1598888700000;12.7;12.72;12.73;12.68;569
1598889600000;12.72;12.72;12.73;12.72;280
1598890500000;12.71;12.69;12.71;12.67;320
1598891400000;12.68;12.66;12.68;12.66;163
1598892300000;12.65;12.7;12.7;12.64;571
1598893200000;12.69;12.69;12.71;12.68;349
1598894100000;12.69;12.67;12.69;12.67;252
1598895000000;12.67;12.66;12.67;12.65;209
1598895900000;12.67;12.67;12.67;12.67;123
1598896800000;12.68;12.66;12.68;12.66;113
1598897700000;12.65;12.67;12.67;12.61;634
1598898600000;12.67;12.67;12.69;12.66;530
1598899500000;12.66;12.66;12.68;12.62;603
1598900400000;12.66;12.69;12.69;12.65;502
1598901300000;12.69;12.66;12.7;12.66;369
1598902200000;12.65;12.67;12.68;12.65;450
1598903100000;12.67;12.63;12.67;12.63;352
1598967900000;12.37;12.35;12.4;12.19;1354
1598968800000;12.34;12.44;12.53;12.3;2327
1598969700000;12.47;12.55;12.57;12.44;1525
1598970600000;12.55;12.56;12.59;12.5;1036
1598971500000;12.56;12.55;12.6;12.54;990
1598972400000;12.55;12.47;12.56;12.47;767
1598973300000;12.46;12.41;12.47;12.41;596
1598974200000;12.42;12.41;12.45;12.4;811
1598975100000;12.41;12.49;12.49;12.41;802
1598976000000;12.48;12.48;12.52;12.46;548
1598976900000;12.47;12.44;12.47;12.42;386
1598977800000;12.44;12.43;12.45;12.43;109
1598978700000;12.41;12.42;12.42;12.4;315
1598979600000;12.41;12.45;12.45;12.38;468
1598980500000;12.44;12.44;12.46;12.44;442
1598981400000;12.43;12.42;12.44;12.42;251
1598982300000;12.42;12.42;12.43;12.41;259
1598983200000;12.42;12.42;12.42;12.42;112
1598984100000;12.42;12.41;12.42;12.41;353
1598985000000;12.41;12.4;12.41;12.4;156
1598985900000;12.4;12.4;12.4;12.4;128
1598986800000;12.4;12.39;12.4;12.39;209
1598987700000;12.38;12.32;12.38;12.32;314
1598988600000;12.32;12.29;12.33;12.27;605
1598989500000;12.29;12.3;12.3;12.29;130
1599054300000;12.25;12.45;12.45;12.21;1194
1599055200000;12.46;12.52;12.53;12.41;1956
1599056100000;12.5;12.51;12.53;12.41;2301
1599057000000;12.52;12.43;12.52;12.4;1148
1599057900000;12.44;12.46;12.48;12.42;1290
1599058800000;12.46;12.32;12.46;12.32;717
1599059700000;12.32;12.36;12.36;12.28;732
1599060600000;12.36;12.36;12.39;12.35;620
1599061500000;12.37;12.36;12.37;12.34;733
1599062400000;12.36;12.39;12.39;12.36;564
1599063300000;12.39;12.36;12.39;12.34;522
1599064200000;12.36;12.36;12.37;12.35;332
1599065100000;12.35;12.31;12.35;12.29;466
1599066000000;12.3;12.29;12.31;12.29;448
1599066900000;12.29;12.28;12.29;12.27;481
1599067800000;12.28;12.32;12.32;12.28;390
1599068700000;12.31;12.33;12.34;12.31;421
1599069600000;12.33;12.35;12.36;12.33;317
1599070500000;12.34;12.28;12.34;12.28;473
1599071400000;12.27;12.36;12.36;12.27;660
1599072300000;12.35;12.31;12.36;12.31;415
1599073200000;12.31;12.31;12.35;12.29;884
1599074100000;12.32;12.36;12.36;12.3;544
1599075000000;12.36;12.38;12.39;12.35;458
1599075900000;12.38;12.46;12.46;12.38;1009
1599140700000;12.37;12.55;12.57;12.2;1429
1599141600000;12.57;12.59;12.6;12.45;2086
1599142500000;12.56;12.53;12.56;12.46;2742
1599143400000;12.54;12.51;12.57;12.49;2165
1599144300000;12.51;12.52;12.53;12.48;2152
1599145200000;12.51;12.43;12.52;12.41;1813
1599146100000;12.46;12.41;12.46;12.39;1609
1599147000000;12.41;12.22;12.41;12.18;2022
1599147900000;12.21;12.3;12.35;12.18;3072
1599148800000;12.3;12.37;12.41;12.3;2409
1599149700000;12.36;12.37;12.38;12.32;1091
1599150600000;12.37;12.34;12.38;12.34;1236
1599151500000;12.33;12.3;12.35;12.29;1875
1599152400000;12.29;12.26;12.31;12.23;1901
1599153300000;12.26;12.33;12.33;12.25;1531
1599154200000;12.33;12.35;12.36;12.29;1343
1599155100000;12.34;12.28;12.34;12.28;1281
1599156000000;12.28;12.3;12.31;12.26;892
1599156900000;12.29;12.27;12.31;12.25;1349
1599157800000;12.28;12.27;12.28;12.25;1721
1599158700000;12.26;12.3;12.35;12.26;1357
1599159600000;12.29;12.26;12.3;12.26;1220
1599160500000;12.25;12.27;12.27;12.21;1356
1599161400000;12.27;12.24;12.28;12.23;1435
1599162300000;12.24;12.24;12.28;12.22;1018
1599227100000;12.29;12.39;12.46;12.25;657
1599228000000;12.39;12.25;12.41;12.21;990
1599228900000;12.25;12.19;12.33;12.18;976
1599229800000;12.19;12.13;12.23;12.11;964
1599230700000;12.12;12.07;12.18;12.05;843
1599231600000;12.07;12.11;12.17;12.07;882
1599232500000;12.12;12.12;12.16;12.07;1309
1599233400000;12.12;12.12;12.17;12.07;1284
1599234300000;12.12;12.14;12.23;12.11;1979
1599235200000;12.14;12.11;12.17;12.09;939
1599236100000;12.12;12.13;12.15;12.09;1078
1599237000000;12.13;12.17;12.18;12.11;964
1599237900000;12.17;12.18;12.18;12.13;862
1599238800000;12.18;12.22;12.24;12.18;1062
1599239700000;12.22;12.25;12.25;12.18;854
1599240600000;12.25;12.17;12.25;12.17;789
1599241500000;12.17;12.13;12.17;12.12;625
1599242400000;12.13;12.17;12.18;12.12;788
1599243300000;12.17;12.11;12.18;12.1;868
1599244200000;12.12;12.16;12.16;12.12;419
1599245100000;12.16;12.22;12.25;12.16;740
1599246000000;12.22;12.26;12.27;12.22;1198
1599246900000;12.25;12.22;12.27;12.22;886
1599247800000;12.23;12.27;12.3;12.23;895
1599248700000;12.27;12.28;12.28;12.24;1008
1599572700000;12.2;12.04;12.2;11.99;557
1599573600000;12.03;12.03;12.07;11.99;1021
1599574500000;12.02;11.99;12.02;11.91;1419
1599575400000;11.97;12.02;12.03;11.9;1365
1599576300000;12.01;12.04;12.15;12.0;1434
1599577200000;12.03;11.98;12.03;11.94;1875
1599578100000;11.97;12.06;12.07;11.94;872
1599579000000;12.06;12.03;12.09;12.03;1185
1599579900000;12.03;12.05;12.08;12.01;1105
1599580800000;12.04;11.99;12.04;11.97;853
1599581700000;11.99;12.03;12.03;11.99;667
1599582600000;12.02;12.05;12.08;12.02;485
1599583500000;12.05;12.1;12.11;12.04;729
1599584400000;12.1;12.09;12.13;12.09;414
1599585300000;12.1;12.17;12.17;12.09;800
1599586200000;12.17;12.22;12.23;12.16;780
1599587100000;12.22;12.21;12.23;12.21;667
1599588000000;12.21;12.18;12.22;12.15;523
1599588900000;12.18;12.22;12.23;12.16;652
1599589800000;12.23;12.15;12.23;12.15;673
1599590700000;12.15;12.09;12.15;12.08;1060
1599591600000;12.09;12.12;12.13;12.05;1164
1599592500000;12.13;12.1;12.13;12.05;1444
1599593400000;12.11;12.13;12.14;12.08;1492
1599594300000;12.14;12.1;12.16;12.1;1007
1599659100000;12.02;11.97;12.06;11.87;765
1599660000000;11.97;11.94;11.99;11.91;1347
1599660900000;11.94;11.93;11.96;11.91;1572
1599661800000;11.94;11.94;11.96;11.91;1420
1599662700000;11.94;11.91;11.94;11.9;773
1599663600000;11.91;11.92;11.92;11.89;660
1599664500000;11.93;11.98;12.01;11.93;737
1599665400000;11.98;12.09;12.09;11.98;906
1599666300000;12.09;12.18;12.18;12.06;1282
1599667200000;12.19;12.15;12.19;12.15;555
1599668100000;12.15;12.22;12.23;12.14;704
1599669000000;12.23;12.27;12.27;12.21;435
1599669900000;12.27;12.28;12.3;12.27;430
1599670800000;12.27;12.27;12.28;12.23;521
1599671700000;12.27;12.31;12.34;12.26;766
1599672600000;12.3;12.3;12.34;12.28;816
1599673500000;12.31;12.37;12.38;12.31;520
1599674400000;12.37;12.36;12.38;12.34;604
1599675300000;12.35;12.33;12.35;12.32;449
1599676200000;12.33;12.28;12.33;12.27;573
1599677100000;12.29;12.32;12.36;12.29;586
1599678000000;12.31;12.31;12.32;12.3;726
1599678900000;12.31;12.36;12.36;12.31;536
1599679800000;12.36;12.4;12.4;12.36;548
1599680700000;12.4;12.4;12.42;12.38;788
1599745500000;12.17;12.53;12.53;12.13;916
1599746400000;12.53;12.56;12.62;12.5;1766
1599747300000;12.56;12.35;12.58;12.35;1824
1599748200000;12.37;12.32;12.42;12.31;1094
1599749100000;12.32;12.38;12.39;12.32;1381
1599750000000;12.38;12.26;12.38;12.24;1531
1599750900000;12.25;12.32;12.32;12.21;1172
1599751800000;12.32;12.29;12.32;12.26;1081
1599752700000;12.28;12.29;12.3;12.24;1148
1599753600000;12.28;12.31;12.34;12.28;812
1599754500000;12.3;12.28;12.33;12.28;939
1599755400000;12.26;12.33;12.33;12.26;814
1599756300000;12.33;12.26;12.33;12.26;807
1599757200000;12.26;12.31;12.31;12.26;713
1599758100000;12.31;12.34;12.35;12.3;559
1599759000000;12.34;12.33;12.36;12.3;665
1599759900000;12.33;12.32;12.36;12.32;512
1599760800000;12.33;12.29;12.33;12.28;789
1599761700000;12.3;12.3;12.33;12.29;760
1599762600000;12.3;12.2;12.3;12.2;1195
1599763500000;12.2;12.19;12.25;12.18;1207
1599764400000;12.19;12.21;12.23;12.18;1074
1599765300000;12.2;12.16;12.22;12.15;1313
1599766200000;12.17;12.08;12.17;12.05;1414
1599767100000;12.08;12.1;12.12;12.07;1218
1599831900000;12.0;11.88;12.02;11.82;912
1599832800000;11.87;11.82;11.88;11.8;1463
1599833700000;11.81;11.85;11.93;11.81;1631
1599834600000;11.84;11.78;11.87;11.77;1309
1599835500000;11.79;11.81;11.81;11.76;1129
1599836400000;11.8;11.77;11.83;11.77;697
1599837300000;11.77;11.81;11.86;11.77;799
1599838200000;11.82;11.77;11.82;11.75;1048
1599839100000;11.76;11.73;11.77;11.73;877
1599840000000;11.74;11.75;11.79;11.73;706
1599840900000;11.75;11.82;11.83;11.74;740
1599841800000;11.83;11.82;11.85;11.81;490
1599842700000;11.81;11.76;11.81;11.76;756
1599843600000;11.75;11.75;11.8;11.74;621
1599844500000;11.75;11.69;11.75;11.68;688
1599845400000;11.69;11.66;11.7;11.62;986
1599846300000;11.66;11.65;11.66;11.61;705
1599847200000;11.66;11.63;11.68;11.62;1644
1599848100000;11.63;11.72;11.74;11.61;1135
1599849000000;11.73;11.73;11.76;11.69;612
1599849900000;11.74;11.78;11.79;11.72;941
1599850800000;11.77;11.77;11.8;11.75;711
1599851700000;11.78;11.77;11.78;11.74;489
1599852600000;11.77;11.84;11.85;11.77;653
1599853500000;11.85;11.79;11.85;11.78;1086
1600091100000;11.84;11.9;11.95;11.77;1288
1600092000000;11.89;12.08;12.09;11.87;1903
1600092900000;12.08;12.2;12.21;12.08;2102
1600093800000;12.2;12.19;12.22;12.16;1223
1600094700000;12.2;12.25;12.29;12.2;1593
1600095600000;12.26;12.22;12.3;12.21;1122
1600096500000;12.23;12.23;12.27;12.21;929
1600097400000;12.23;12.24;12.26;12.21;658
1600098300000;12.24;12.22;12.27;12.22;715
1600099200000;12.21;12.18;12.24;12.18;751
1600100100000;12.16;12.22;12.24;12.16;765
1600101000000;12.23;12.3;12.31;12.23;749
1600101900000;12.3;12.3;12.31;12.29;282
1600102800000;12.3;12.31;12.35;12.29;670
1600103700000;12.33;12.29;12.35;12.27;533
1600104600000;12.28;12.3;12.3;12.26;588
1600105500000;12.31;12.32;12.34;12.29;834
1600106400000;12.32;12.33;12.33;12.3;497
1600107300000;12.34;12.36;12.36;12.32;277
1600108200000;12.36;12.37;12.38;12.36;519
1600109100000;12.37;12.38;12.39;12.36;765
1600110000000;12.38;12.35;12.38;12.3;927
1600110900000;12.35;12.35;12.35;12.32;718
1600111800000;12.34;12.35;12.37;12.31;807
1600112700000;12.35;12.39;12.39;12.35;894
1600177500000;12.34;12.36;12.47;12.18;1429
1600178400000;12.36;12.37;12.41;12.34;2574
1600179300000;12.37;12.46;12.47;12.33;1824
1600180200000;12.47;12.53;12.54;12.47;1382
1600181100000;12.52;12.47;12.53;12.46;1250
1600182000000;12.47;12.47;12.52;12.47;912
1600182900000;12.48;12.42;12.49;12.42;849
1600183800000;12.42;12.43;12.44;12.41;831
1600184700000;12.43;12.42;12.43;12.36;848
1600185600000;12.41;12.4;12.41;12.38;617
1600186500000;12.4;12.41;12.45;12.39;472
1600187400000;12.41;12.41;12.42;12.4;349
1600188300000;12.42;12.41;12.45;12.4;597
1600189200000;12.4;12.4;12.42;12.38;645
1600190100000;12.4;12.4;12.41;12.4;231
1600191000000;12.39;12.42;12.42;12.39;331
1600191900000;12.42;12.45;12.47;12.42;512
1600193700000;12.41;12.36;12.44;12.32;675
1600194600000;12.35;12.32;12.37;12.3;855
1600195500000;12.33;12.35;12.37;12.32;461
1600196400000;12.35;12.34;12.35;12.33;395
1600197300000;12.34;12.29;12.34;12.29;566
1600198200000;12.29;12.3;12.3;12.27;722
1600199100000;12.3;12.25;12.31;12.25;781
1600263900000;12.29;12.46;12.49;12.29;1444
1600264800000;12.47;12.46;12.55;12.45;1215
1600265700000;12.46;12.47;12.52;12.43;1067
1600266600000;12.47;12.49;12.54;12.47;711
1600267500000;12.49;12.45;12.49;12.44;753
1600268400000;12.45;12.46;12.46;12.39;674
1600269300000;12.45;12.53;12.53;12.45;822
1600270200000;12.52;12.51;12.54;12.51;745
1600271100000;12.5;12.48;12.51;12.44;885
1600272000000;12.49;12.46;12.5;12.46;499
1600272900000;12.46;12.46;12.46;12.45;345
1600273800000;12.46;12.52;12.52;12.46;514
1600274700000;12.5;12.5;12.51;12.48;524
1600275600000;12.5;12.49;12.51;12.48;420
1600276500000;12.49;12.5;12.5;12.49;240
1600277400000;12.5;12.56;12.56;12.5;470
1600278300000;12.55;12.55;12.57;12.54;449
1600279200000;12.55;12.52;12.56;12.5;478
1600280100000;12.5;12.59;12.6;12.5;371
1600281000000;12.59;12.57;12.59;12.57;364
1600281900000;12.57;12.61;12.62;12.56;688
1600282800000;12.61;12.65;12.66;12.61;722
1600283700000;12.64;12.58;12.65;12.53;1004
1600284600000;12.57;12.58;12.58;12.55;893
1600285500000;12.58;12.61;12.61;12.54;1129
1600350300000;12.37;12.49;12.61;12.35;1890
1600351200000;12.48;12.55;12.57;12.48;2072
1600352100000;12.55;12.55;12.59;12.54;2144
1600353000000;12.55;12.56;12.59;12.54;1540
1600353900000;12.56;12.56;12.58;12.54;940
1600354800000;12.56;12.54;12.59;12.52;711
1600355700000;12.54;12.65;12.67;12.54;743
1600356600000;12.66;12.61;12.68;12.6;916
1600357500000;12.61;12.59;12.62;12.59;682
1600358400000;12.6;12.61;12.61;12.57;706
1600359300000;12.61;12.55;12.61;12.55;629
1600360200000;12.55;12.58;12.59;12.53;1161
1600361100000;12.58;12.59;12.6;12.57;696
1600362000000;12.58;12.57;12.59;12.53;966
1600362900000;12.56;12.59;12.61;12.56;713
1600363800000;12.59;12.63;12.63;12.59;564
1600364700000;12.62;12.62;12.62;12.6;523
1600365600000;12.63;12.62;12.65;12.6;557
1600366500000;12.61;12.63;12.64;12.6;661
1600367400000;12.63;12.59;12.63;12.58;751
1600368300000;12.58;12.6;12.6;12.58;578
1600369200000;12.59;12.63;12.63;12.59;508
1600370100000;12.63;12.61;12.64;12.58;797
1600371000000;12.61;12.56;12.62;12.56;714
1600371900000;12.56;12.58;12.6;12.54;827
1600436700000;12.7;12.7;12.72;12.56;1402
1600437600000;12.69;12.6;12.71;12.6;1517
1600438500000;12.6;12.63;12.69;12.6;1481
1600439400000;12.62;12.59;12.63;12.57;1102
1600440300000;12.6;12.62;12.62;12.59;914
1600441200000;12.61;12.55;12.61;12.55;710
1600442100000;12.55;12.59;12.6;12.55;775
1600443000000;12.59;12.55;12.59;12.55;668
1600443900000;12.56;12.57;12.59;12.55;710
1600444800000;12.57;12.58;12.59;12.57;245
1600445700000;12.58;12.6;12.61;12.55;624
1600446600000;12.59;12.56;12.59;12.54;437
1600447500000;12.55;12.49;12.56;12.49;821
1600448400000;12.48;12.53;12.53;12.44;960
1600449300000;12.53;12.57;12.57;12.53;632
1600450200000;12.56;12.51;12.58;12.51;916
1600451100000;12.5;12.53;12.54;12.49;779
1600452000000;12.53;12.54;12.54;12.52;462
1600452900000;12.54;12.51;12.54;12.51;484
1600453800000;12.5;12.51;12.54;12.5;707
1600454700000;12.51;12.5;12.52;12.5;567
1600455600000;12.5;12.55;12.56;12.5;784
1600456500000;12.54;12.5;12.54;12.48;485
1600457400000;12.5;12.52;12.53;12.5;463
1600458300000;12.51;12.61;12.61;12.49;1167
1600695900000;12.17;12.04;12.33;12.0;1074
1600696800000;12.03;11.95;12.05;11.92;1549
1600697700000;11.94;11.91;12.02;11.87;1880
1600698600000;11.91;11.93;11.95;11.87;1342
1600699500000;11.92;12.02;12.02;11.88;1434
1600700400000;12.01;11.98;12.06;11.98;1011
1600701300000;11.97;11.89;11.98;11.89;1553
1600702200000;11.89;11.85;11.89;11.81;1215
1600703100000;11.84;11.84;11.87;11.79;1048
1600704000000;11.84;11.84;11.88;11.82;820
1600704900000;11.83;11.86;11.89;11.8;844
1600705800000;11.87;11.85;11.9;11.85;579
1600706700000;11.85;11.76;11.85;11.76;917
1600707600000;11.77;11.74;11.78;11.71;936
1600708500000;11.74;11.74;11.76;11.72;730
1600709400000;11.76;11.76;11.76;11.74;451
1600710300000;11.75;11.76;11.77;11.74;549
1600711200000;11.76;11.74;11.77;11.74;492
1600712100000;11.75;11.7;11.75;11.69;401
1600713000000;11.7;11.73;11.76;11.7;794
1600713900000;11.73;11.72;11.74;11.69;599
1600714800000;11.73;11.76;11.77;11.72;581
1600715700000;11.76;11.82;11.82;11.76;597
1600716600000;11.82;11.82;11.84;11.8;735
1600717500000;11.83;11.77;11.83;11.75;996
1600782300000;11.82;11.85;11.89;11.69;1314
1600783200000;11.86;11.76;11.9;11.76;1377
1600784100000;11.76;11.79;11.82;11.72;1293
1600785000000;11.78;11.86;11.86;11.78;964
1600785900000;11.88;11.74;11.88;11.74;789
1600786800000;11.74;11.69;11.79;11.69;989
1600787700000;11.7;11.68;11.72;11.66;1207
1600788600000;11.68;11.69;11.71;11.67;894
1600789500000;11.7;11.65;11.7;11.63;807
1600790400000;11.66;11.73;11.74;11.66;723
1600791300000;11.73;11.77;11.77;11.73;430
1600792200000;11.77;11.75;11.77;11.75;233
1600793100000;11.74;11.74;11.76;11.73;373
1600794000000;11.73;11.69;11.74;11.69;445
1600794900000;11.69;11.71;11.71;11.65;332
1600795800000;11.7;11.72;11.72;11.68;509
1600796700000;11.71;11.75;11.75;11.71;445
1600797600000;11.75;11.76;11.78;11.75;347
1600798500000;11.77;11.81;11.83;11.77;529
1600799400000;11.81;11.77;11.81;11.76;410
1600800300000;11.77;11.77;11.78;11.75;469
1600801200000;11.77;11.76;11.77;11.75;318
1600802100000;11.75;11.75;11.77;11.74;517
1600803000000;11.75;11.78;11.8;11.75;563
1600803900000;11.78;11.79;11.8;11.74;633
1600868700000;11.66;11.69;11.77;11.61;1582
1600869600000;11.69;11.71;11.85;11.69;1111
1600870500000;11.7;11.64;11.7;11.63;980
1600871400000;11.63;11.6;11.64;11.6;797
1600872300000;11.6;11.58;11.62;11.52;1003
1600873200000;11.57;11.6;11.62;11.57;780
1600874100000;11.61;11.58;11.63;11.58;777
1600875000000;11.57;11.58;11.59;11.56;738
1600875900000;11.58;11.65;11.65;11.58;564
1600876800000;11.66;11.54;11.66;11.54;670
1600877700000;11.53;11.58;11.6;11.5;1374
1600878600000;11.57;11.61;11.61;11.54;975
1600879500000;11.6;11.62;11.65;11.58;802
1600880400000;11.62;11.62;11.65;11.58;1183
1600881300000;11.62;11.6;11.64;11.6;571
1600882200000;11.6;11.6;11.61;11.59;438
1600883100000;11.59;11.62;11.62;11.58;470
1600884000000;11.61;11.59;11.61;11.57;787
1600884900000;11.58;11.59;11.61;11.57;554
1600885800000;11.58;11.54;11.58;11.52;1273
1600886700000;11.54;11.54;11.57;11.53;1122
1600887600000;11.54;11.55;11.57;11.52;970
1600888500000;11.56;11.55;11.57;11.51;1273
1600889400000;11.54;11.57;11.58;11.54;1352
1600890300000;11.55;11.57;11.61;11.54;1332
1600955100000;11.6;11.68;11.74;11.56;1711
1600956000000;11.68;11.77;11.8;11.67;1731
1600956900000;11.76;11.89;11.89;11.76;1589
1600957800000;11.89;11.89;11.96;11.85;1725
1600958700000;11.89;11.83;11.9;11.82;1536
1600959600000;11.84;11.94;11.94;11.83;1659
1600960500000;11.94;11.9;11.96;11.85;1421
1600961400000;11.89;11.9;11.94;11.86;1024
1600962300000;11.9;11.92;11.94;11.88;837
1600963200000;11.91;11.93;11.94;11.89;779
1600964100000;11.94;11.97;11.97;11.94;864
1600965000000;11.96;11.97;11.99;11.96;715
1600965900000;11.96;11.92;11.96;11.92;521
1600966800000;11.92;11.99;11.99;11.92;847
1600967700000;11.99;12.06;12.06;11.98;795
1600968600000;12.08;12.15;12.16;12.07;905
1600969500000;12.14;12.12;12.15;12.12;605
1600970400000;12.12;12.08;12.13;12.07;1116
1600971300000;12.08;12.08;12.1;12.07;663
1600972200000;12.08;11.95;12.11;11.95;1211
1600973100000;11.95;11.94;12.0;11.9;1205
1600974000000;11.94;11.91;11.95;11.89;909
1600974900000;11.91;11.87;11.93;11.81;1092
1600975800000;11.87;11.82;11.91;11.8;1066
1600976700000;11.85;11.85;11.86;11.83;1145
1601041500000;11.68;11.78;11.85;11.66;1241
1601042400000;11.76;11.78;11.86;11.73;1684
1601043300000;11.76;11.76;11.82;11.75;1361
1601044200000;11.76;11.81;11.85;11.75;881
1601045100000;11.81;11.83;11.86;11.77;912
1601046000000;11.84;11.8;11.85;11.79;874
1601046900000;11.8;11.71;11.8;11.69;789
1601047800000;11.71;11.77;11.77;11.71;613
1601048700000;11.77;11.73;11.78;11.73;528
1601049600000;11.73;11.75;11.77;11.72;494
1601050500000;11.76;11.78;11.79;11.75;385
1601051400000;11.77;11.75;11.78;11.73;519
1601052300000;11.76;11.79;11.82;11.76;588
1601053200000;11.79;11.77;11.79;11.77;290
1601054100000;11.78;11.8;11.81;11.77;426
1601055000000;11.79;11.81;11.82;11.79;380
1601055900000;11.81;11.83;11.83;11.81;349
1601056800000;11.82;11.84;11.84;11.82;400
1601057700000;11.84;11.86;11.88;11.82;449
1601058600000;11.85;11.82;11.88;11.82;399
1601059500000;11.82;11.83;11.86;11.82;617
1601060400000;11.84;11.84;11.84;11.83;309
1601061300000;11.83;11.85;11.87;11.83;535
1601062200000;11.85;11.86;11.87;11.85;645
1601063100000;11.85;11.71;11.85;11.71;1113
1601300700000;11.8;11.94;12.06;11.8;1275
1601301600000;11.95;11.94;12.06;11.89;1738
1601302500000;11.94;11.92;11.96;11.88;1595
1601303400000;11.93;11.97;12.01;11.92;1001
1601304300000;11.97;11.97;12.01;11.94;1053
1601305200000;11.97;11.95;11.98;11.92;851
1601306100000;11.96;11.98;11.98;11.94;822
1601307000000;11.98;11.99;11.99;11.96;536
1601307900000;11.99;12.0;12.01;11.99;414
1601308800000;11.99;11.99;12.0;11.98;373
1601309700000;12.0;11.99;12.0;11.98;433
1601310600000;11.98;11.98;11.98;11.97;309
1601311500000;11.97;11.99;11.99;11.96;287
1601312400000;11.99;12.0;12.0;11.97;344
1601313300000;11.99;12.01;12.01;11.98;440
1601314200000;12.01;11.98;12.02;11.97;276
1601315100000;11.98;11.98;12.0;11.98;490
1601316000000;11.98;11.97;11.99;11.96;369
1601316900000;11.98;11.95;11.98;11.95;533
1601317800000;11.96;11.93;11.96;11.93;311
1601318700000;11.94;11.95;11.95;11.93;294
1601319600000;11.95;11.93;11.95;11.93;269
1601320500000;11.92;11.94;11.94;11.91;513
1601321400000;11.94;11.94;11.94;11.93;481
1601322300000;11.93;11.93;11.94;11.92;475
1601387100000;11.8;11.92;12.03;11.79;1323
1601388000000;11.92;11.82;11.94;11.82;1304
1601388900000;11.82;11.86;11.86;11.71;1381
1601389800000;11.85;11.82;11.86;11.82;442
1601390700000;11.81;11.8;11.85;11.79;792
1601391600000;11.79;11.81;11.83;11.79;597
1601392500000;11.8;11.79;11.8;11.79;303
1601393400000;11.8;11.79;11.81;11.79;359
1601394300000;11.78;11.72;11.8;11.72;643
1601395200000;11.72;11.75;11.75;11.7;672
1601396100000;11.75;11.74;11.75;11.71;480
1601397000000;11.74;11.81;11.81;11.74;479
1601397900000;11.81;11.78;11.83;11.78;523
1601398800000;11.78;11.8;11.82;11.78;360
1601399700000;11.8;11.79;11.83;11.77;586
1601400600000;11.8;11.84;11.84;11.79;479
1601401500000;11.84;11.82;11.85;11.82;287
1601402400000;11.82;11.82;11.83;11.82;343
1601403300000;11.82;11.87;11.88;11.82;451
1601404200000;11.87;11.89;11.92;11.86;579
1601405100000;11.9;11.92;11.93;11.9;603
1601406000000;11.93;11.87;11.93;11.86;523
1601406900000;11.87;11.88;11.89;11.87;289
1601407800000;11.88;11.82;11.9;11.82;549
1601408700000;11.83;11.79;11.84;11.78;603
1601473500000;11.82;11.8;11.96;11.7;1598
1601474400000;11.81;11.86;11.93;11.8;1410
1601475300000;11.86;11.83;11.93;11.81;1449
1601476200000;11.82;11.89;11.89;11.81;1096
1601477100000;11.9;11.98;11.98;11.9;962
1601478000000;11.99;11.95;12.0;11.95;738
1601478900000;11.94;11.89;11.94;11.89;751
1601479800000;11.89;11.86;11.9;11.84;616
1601480700000;11.87;11.83;11.88;11.8;682
1601481600000;11.83;11.87;11.87;11.83;654
1601482500000;11.88;11.81;11.88;11.78;610
1601483400000;11.81;11.83;11.83;11.81;256
1601484300000;11.83;11.85;11.88;11.83;797
1601485200000;11.85;11.89;11.89;11.85;407
1601486100000;11.88;11.86;11.88;11.83;923
1601487000000;11.86;11.87;11.87;11.84;383
1601487900000;11.87;11.84;11.87;11.84;488
1601488800000;11.84;11.93;11.93;11.83;606
1601489700000;11.93;11.9;11.94;11.87;714
1601490600000;11.9;11.77;11.91;11.77;1138
1601491500000;11.77;11.74;11.78;11.74;1170
1601492400000;11.72;11.82;11.82;11.71;1019
1601493300000;11.81;11.68;11.81;11.68;1105
1601494200000;11.68;11.73;11.73;11.63;1552
1601495100000;11.72;11.72;11.73;11.69;760
1601559900000;11.72;11.78;11.84;11.68;1893
1601560800000;11.78;11.61;11.79;11.55;2496
1601561700000;11.62;11.56;11.62;11.5;1322
1601562600000;11.55;11.57;11.58;11.46;1878
1601563500000;11.57;11.56;11.59;11.55;810
1601564400000;11.57;11.6;11.61;11.53;816
1601565300000;11.62;11.6;11.65;11.57;1090
1601566200000;11.59;11.64;11.67;11.58;1182
1601567100000;11.64;11.6;11.64;11.6;682
1601568000000;11.59;11.52;11.59;11.49;815
1601568900000;11.52;11.49;11.52;11.48;597
1601569800000;11.48;11.5;11.53;11.48;620
1601570700000;11.5;11.52;11.52;11.49;371
1601571600000;11.51;11.53;11.53;11.5;442
1601572500000;11.53;11.52;11.56;11.52;655
1601573400000;11.53;11.51;11.54;11.5;426
1601574300000;11.5;11.52;11.54;11.5;595
1601575200000;11.52;11.49;11.53;11.49;438
1601576100000;11.49;11.45;11.49;11.4;1316
1601577000000;11.44;11.43;11.45;11.41;811
1601577900000;11.42;11.46;11.48;11.42;597
1601578800000;11.45;11.41;11.45;11.41;618
1601579700000;11.4;11.38;11.4;11.38;606
1601580600000;11.37;11.36;11.37;11.34;356
1601581500000;11.35;11.35;11.35;11.34;454
1601646300000;11.27;11.33;11.44;11.2;1314
1601647200000;11.33;11.39;11.39;11.26;1872
1601648100000;11.39;11.51;11.55;11.39;1993
1601649000000;11.52;11.53;11.55;11.5;1381
1601649900000;11.53;11.42;11.53;11.37;1259
1601650800000;11.42;11.44;11.47;11.42;861
1601651700000;11.44;11.49;11.49;11.41;932
1601652600000;11.48;11.51;11.52;11.47;713
1601653500000;11.52;11.48;11.52;11.46;827
1601654400000;11.48;11.47;11.5;11.45;751
1601655300000;11.48;11.6;11.62;11.47;1065
1601656200000;11.59;11.6;11.7;11.58;1513
1601657100000;11.6;11.62;11.63;11.57;1135
1601658000000;11.63;11.68;11.72;11.62;1030
1601658900000;11.68;11.61;11.7;11.6;1161
1601659800000;11.62;11.6;11.64;11.59;765
1601660700000;11.61;11.52;11.61;11.51;943
1601661600000;11.52;11.53;11.54;11.49;779
1601662500000;11.54;11.54;11.54;11.51;494
1601663400000;11.54;11.52;11.54;11.51;306
1601664300000;11.52;11.49;11.52;11.48;632
1601665200000;11.5;11.5;11.5;11.48;406
1601666100000;11.5;11.5;11.52;11.48;697
1601667000000;11.5;11.52;11.55;11.5;524
1601667900000;11.52;11.56;11.58;11.52;1003
1601905500000;11.51;11.77;11.82;11.47;1433
1601906400000;11.77;11.68;11.77;11.67;1754
1601907300000;11.68;11.63;11.69;11.63;1081
1601908200000;11.63;11.66;11.68;11.62;1160
1601909100000;11.67;11.63;11.67;11.59;982
1601910000000;11.63;11.71;11.71;11.62;1035
1601910900000;11.72;11.74;11.74;11.7;1173
1601911800000;11.74;11.77;11.79;11.74;667
1601912700000;11.78;11.79;11.81;11.76;618
1601913600000;11.78;11.77;11.79;11.77;232
1601914500000;11.76;11.81;11.81;11.74;433
1601915400000;11.8;11.81;11.81;11.79;512
1601916300000;11.8;11.81;11.81;11.77;499
1601917200000;11.8;11.73;11.8;11.73;475
1601918100000;11.74;11.76;11.76;11.73;420
1601919000000;11.76;11.76;11.77;11.76;177
1601919900000;11.75;11.73;11.75;11.72;574
1601920800000;11.73;11.73;11.73;11.72;613
1601921700000;11.73;11.73;11.73;11.72;373
1601922600000;11.73;11.73;11.74;11.73;369
1601923500000;11.73;11.73;11.74;11.73;319
1601924400000;11.72;11.71;11.72;11.71;397
1601925300000;11.71;11.71;11.71;11.71;284
1601926200000;11.71;11.71;11.71;11.7;484
1601927100000;11.7;11.74;11.75;11.7;631
1601991900000;11.75;11.93;11.99;11.74;1403
1601992800000;11.92;11.8;11.95;11.8;1265
1601993700000;11.8;11.78;11.81;11.72;1093
1601994600000;11.76;11.79;11.81;11.75;1348
1601995500000;11.79;11.77;11.85;11.75;879
1601996400000;11.77;11.88;11.88;11.76;1177
1601997300000;11.88;11.9;11.9;11.86;902
1601998200000;11.9;11.91;11.95;11.9;939
1601999100000;11.9;11.92;11.92;11.87;505
1602000000000;11.91;11.92;11.93;11.9;813
1602000900000;11.92;11.92;11.93;11.92;241
1602001800000;11.93;11.92;11.93;11.92;206
1602002700000;11.92;11.94;11.94;11.92;640
1602003600000;11.94;11.97;11.97;11.94;317
1602004500000;11.97;11.99;12.0;11.97;665
1602005400000;11.99;11.97;12.0;11.96;456
1602006300000;11.98;11.99;12.0;11.98;312
1602007200000;12.0;12.02;12.02;12.0;479
1602008100000;12.02;12.04;12.05;12.02;499
1602009000000;12.05;12.06;12.06;12.05;474
1602009900000;12.06;12.06;12.09;12.05;736
1602010800000;12.05;11.83;12.05;11.8;1197
1602011700000;11.78;11.91;11.93;11.78;1639
1602012600000;11.9;11.91;11.92;11.86;1783
1602013500000;11.9;11.94;12.0;11.9;1899
1602078300000;11.88;12.08;12.08;11.78;1127
1602079200000;12.07;12.08;12.11;12.05;1679
1602080100000;12.07;12.08;12.09;12.03;1910
1602081000000;12.09;12.16;12.16;12.08;936
1602081900000;12.15;12.2;12.21;12.15;1159
1602082800000;12.19;12.19;12.22;12.19;927
1602083700000;12.19;12.17;12.21;12.17;788
1602084600000;12.17;12.11;12.17;12.1;1388
1602085500000;12.11;12.12;12.14;12.1;1341
1602086400000;12.12;12.12;12.14;12.09;997
1602087300000;12.12;12.13;12.14;12.11;752
1602088200000;12.12;12.13;12.13;12.08;1088
1602089100000;12.14;12.12;12.14;12.11;765
1602090000000;12.12;12.13;12.13;12.11;664
1602090900000;12.13;12.12;12.14;12.11;957
1602091800000;12.11;12.13;12.13;12.11;748
1602092700000;12.13;12.14;12.15;12.1;847
1602093600000;12.13;12.07;12.15;12.05;763
1602094500000;12.06;12.12;12.15;12.05;777
1602095400000;12.12;12.13;12.14;12.11;650
1602096300000;12.13;12.12;12.14;12.11;453
1602097200000;12.12;12.13;12.14;12.11;1199
1602098100000;12.13;12.14;12.15;12.13;767
1602099000000;12.14;12.17;12.18;12.13;1285
1602099900000;12.17;12.18;12.2;12.16;898
1602164700000;12.08;12.24;12.31;12.08;1599
1602165600000;12.23;12.21;12.23;12.15;2082
1602166500000;12.2;12.25;12.28;12.16;2013
1602167400000;12.24;12.22;12.25;12.19;1173
1602168300000;12.22;12.19;12.22;12.19;1178
1602169200000;12.19;12.2;12.22;12.18;946
1602170100000;12.19;12.19;12.21;12.17;886
1602171000000;12.19;12.19;12.22;12.18;862
1602171900000;12.2;12.22;12.23;12.17;972
1602172800000;12.22;12.21;12.26;12.21;545
1602173700000;12.21;12.26;12.26;12.21;526
1602174600000;12.27;12.29;12.29;12.26;899
1602175500000;12.28;12.3;12.32;12.27;686
1602176400000;12.31;12.24;12.31;12.23;619
1602177300000;12.23;12.24;12.25;12.21;487
1602178200000;12.23;12.26;12.26;12.22;668
1602179100000;12.25;12.28;12.29;12.24;597
1602180000000;12.29;12.26;12.29;12.25;473
1602180900000;12.26;12.32;12.32;12.24;927
1602181800000;12.32;12.32;12.34;12.31;973
1602182700000;12.33;12.31;12.33;12.29;915
1602183600000;12.32;12.27;12.33;12.27;886
1602184500000;12.26;12.27;12.3;12.25;1222
1602185400000;12.26;12.27;12.28;12.25;759
1602186300000;12.27;12.29;12.3;12.27;757
1602251100000;12.32;12.43;12.48;12.3;1342
1602252000000;12.44;12.31;12.44;12.3;1852
1602252900000;12.3;12.26;12.31;12.26;1181
1602253800000;12.26;12.17;12.27;12.16;1148
1602254700000;12.17;12.2;12.23;12.17;1214
1602255600000;12.21;12.21;12.23;12.21;370
1602256500000;12.2;12.23;12.25;12.2;715
1602257400000;12.22;12.22;12.24;12.22;610
1602258300000;12.22;12.24;12.24;12.22;419
1602259200000;12.24;12.28;12.35;12.24;1660
1602260100000;12.28;12.32;12.35;12.27;1356
1602261000000;12.32;12.27;12.34;12.27;1033
1602261900000;12.27;12.32;12.32;12.27;737
1602262800000;12.31;12.3;12.31;12.28;402
1602263700000;12.3;12.31;12.31;12.29;610
1602264600000;12.32;12.3;12.32;12.28;327
1602265500000;12.29;12.28;12.31;12.28;455
1602266400000;12.28;12.29;12.3;12.28;225
1602267300000;12.28;12.28;12.3;12.28;592
1602268200000;12.27;12.27;12.27;12.27;102
1602269100000;12.23;12.21;12.23;12.16;580
1602270000000;12.2;12.17;12.21;12.14;642
1602270900000;12.17;12.16;12.18;12.16;464
1602271800000;12.15;12.11;12.15;12.1;530
1602272700000;12.11;12.08;12.11;12.08;496
1602510300000;11.95;11.98;12.1;11.92;1157
1602511200000;11.98;11.96;12.05;11.92;1131
1602512100000;11.96;11.99;12.02;11.96;1456
1602513000000;11.99;12.0;12.02;11.97;994
1602513900000;12.01;11.95;12.01;11.95;946
1602514800000;11.96;11.91;11.98;11.91;698
1602515700000;11.92;12.0;12.0;11.92;840
1602516600000;12.01;12.08;12.09;12.01;604
1602517500000;12.07;12.09;12.09;12.06;600
1602518400000;12.08;12.06;12.1;12.06;467
1602519300000;12.06;12.09;12.09;12.06;353
1602520200000;12.08;12.09;12.1;12.07;429
1602521100000;12.08;12.13;12.14;12.08;736
1602522000000;12.13;12.05;12.14;12.04;794
1602522900000;12.05;12.04;12.06;12.04;302
1602523800000;12.05;12.08;12.09;12.05;543
1602524700000;12.08;12.04;12.08;12.04;332
1602525600000;12.03;12.04;12.04;12.03;171
1602526500000;12.04;12.04;12.05;12.03;415
1602527400000;12.04;12.03;12.06;12.01;777
1602528300000;12.02;12.02;12.04;12.01;857
1602529200000;12.01;12.04;12.05;11.97;879
1602530100000;12.04;12.06;12.09;12.04;742
1602531000000;12.07;12.1;12.13;12.07;929
1602531900000;12.1;12.11;12.15;12.07;950
1602596700000;11.96;12.03;12.09;11.89;1605
1602597600000;12.04;12.0;12.05;11.96;1700
1602598500000;12.0;11.99;12.03;11.95;1655
1602599400000;11.98;11.95;11.99;11.89;1232
1602600300000;11.94;11.87;11.95;11.86;1173
1602601200000;11.86;11.85;11.87;11.83;857
1602602100000;11.85;11.86;11.87;11.85;672
1602603000000;11.86;11.82;11.87;11.81;799
1602603900000;11.83;11.84;11.86;11.83;625
1602604800000;11.84;11.84;11.85;11.84;369
1602605700000;11.84;11.84;11.84;11.83;345
1602606600000;11.85;11.8;11.85;11.8;511
1602607500000;11.8;11.76;11.8;11.75;426
1602608400000;11.76;11.77;11.79;11.76;538
1602609300000;11.78;11.76;11.79;11.75;560
1602610200000;11.77;11.8;11.8;11.77;708
1602611100000;11.8;11.81;11.82;11.8;667
1602612000000;11.81;11.79;11.82;11.79;557
1602612900000;11.78;11.78;11.78;11.76;557
1602613800000;11.79;11.76;11.79;11.73;504
1602614700000;11.75;11.73;11.75;11.73;472
1602615600000;11.73;11.72;11.74;11.69;883
1602616500000;11.72;11.74;11.75;11.72;221
1602617400000;11.74;11.76;11.78;11.74;860
1602618300000;11.75;11.78;11.78;11.75;847
1602683100000;11.63;11.83;11.84;11.56;1792
1602684000000;11.82;11.85;11.87;11.81;1408
1602684900000;11.84;11.86;11.87;11.82;941
1602685800000;11.87;11.8;11.87;11.8;801
1602686700000;11.81;11.84;11.86;11.79;841
1602687600000;11.84;11.81;11.85;11.79;722
1602688500000;11.82;11.8;11.82;11.8;582
1602689400000;11.81;11.81;11.82;11.8;489
1602690300000;11.81;11.79;11.83;11.79;607
1602691200000;11.79;11.75;11.79;11.75;713
1602692100000;11.75;11.77;11.79;11.74;939
1602693000000;11.76;11.78;11.78;11.75;606
1602693900000;11.77;11.77;11.79;11.74;647
1602694800000;11.76;11.76;11.78;11.74;864
1602695700000;11.77;11.78;11.79;11.76;718
1602696600000;11.78;11.78;11.79;11.77;469
1602697500000;11.78;11.76;11.79;11.73;669
1602698400000;11.75;11.75;11.75;11.73;615
1602699300000;11.74;11.71;11.74;11.7;594
1602700200000;11.71;11.7;11.71;11.69;628
1602701100000;11.7;11.67;11.71;11.67;768
1602702000000;11.67;11.69;11.69;11.67;265
1602702900000;11.7;11.73;11.73;11.7;673
1602703800000;11.72;11.68;11.72;11.68;535
1602704700000;11.69;11.65;11.69;11.65;546
1602769500000;11.86;11.9;12.2;11.83;2892
1602770400000;11.91;11.83;11.92;11.78;2358
1602771300000;11.82;11.83;11.85;11.78;1489
1602772200000;11.83;11.8;11.83;11.77;1313
1602773100000;11.8;11.82;11.84;11.78;1087
1602774000000;11.82;11.85;11.85;11.81;1314
1602774900000;11.85;11.94;11.94;11.83;996
1602775800000;11.94;11.88;11.95;11.88;1035
1602776700000;11.89;11.86;11.9;11.83;892
1602777600000;11.86;11.88;11.9;11.84;1038
1602778500000;11.87;11.85;11.88;11.84;740
1602779400000;11.85;11.85;11.87;11.84;600
1602780300000;11.85;11.85;11.88;11.84;550
1602781200000;11.86;11.87;11.88;11.84;651
1602782100000;11.88;11.89;11.89;11.87;495
1602783000000;11.88;11.91;11.92;11.88;740
1602783900000;11.91;11.91;11.91;11.88;658
1602784800000;11.91;11.91;11.92;11.9;531
1602785700000;11.91;11.92;11.92;11.91;376
1602786600000;11.92;11.92;11.95;11.92;555
1602787500000;11.91;11.92;11.94;11.91;819
1602788400000;11.93;11.9;11.93;11.88;540
1602789300000;11.89;11.84;11.89;11.84;691
1602790200000;11.82;11.82;11.83;11.8;589
1602791100000;11.81;11.85;11.88;11.81;1285
1602855900000;11.62;11.93;11.94;11.62;1440
1602856800000;11.93;11.84;11.93;11.84;1574
1602857700000;11.87;12.0;12.01;11.85;1592
1602858600000;12.0;12.03;12.03;11.99;1197
1602859500000;12.03;12.08;12.1;12.01;1033
1602860400000;12.08;12.11;12.13;12.08;1441
1602861300000;12.11;12.11;12.13;12.09;746
1602862200000;12.1;12.09;12.11;12.07;1188
1602863100000;12.09;12.12;12.12;12.08;690
1602864000000;12.12;12.09;12.13;12.07;748
1602864900000;12.08;12.02;12.08;12.0;547
1602865800000;12.02;11.99;12.02;11.99;453
1602866700000;11.99;11.97;11.99;11.95;562
1602867600000;11.96;11.95;11.96;11.93;473
1602868500000;11.95;11.94;11.95;11.94;495
1602869400000;11.95;11.96;11.96;11.95;202
1602870300000;11.97;12.01;12.01;11.97;508
1602871200000;12.01;12.04;12.04;12.0;358
1602872100000;12.04;12.04;12.06;12.02;577
1602873000000;12.04;12.06;12.07;12.04;514
1602873900000;12.06;12.1;12.1;12.05;729
1602874800000;12.09;12.11;12.11;12.09;371
1602875700000;12.1;12.09;12.12;12.09;1027
1602876600000;12.09;12.1;12.12;12.09;1028
1602877500000;12.1;12.13;12.13;12.1;738
1603115100000;12.16;12.1;12.16;12.05;1100
1603116000000;12.1;12.16;12.19;12.09;1567
1603116900000;12.16;12.08;12.17;12.06;1052
1603117800000;12.07;12.07;12.11;12.07;936
1603118700000;12.09;12.1;12.12;12.06;1041
1603119600000;12.09;12.11;12.11;12.07;975
1603120500000;12.09;12.08;12.11;12.07;730
1603121400000;12.07;12.02;12.08;12.0;1230
1603122300000;12.02;11.94;12.02;11.91;1027
1603123200000;11.94;11.93;11.95;11.91;666
1603124100000;11.92;11.93;11.93;11.88;851
1603125000000;11.92;11.93;11.93;11.9;715
1603125900000;11.92;11.92;11.92;11.91;318
1603126800000;11.92;11.92;11.93;11.91;470
1603127700000;11.91;11.94;11.95;11.9;620
1603128600000;11.93;11.93;11.95;11.93;371
1603129500000;11.92;11.91;11.92;11.9;450
1603130400000;11.92;11.93;11.93;11.91;404
1603131300000;11.93;11.93;11.93;11.9;615
1603132200000;11.93;11.94;11.95;11.92;631
1603133100000;11.94;11.9;11.94;11.9;672
1603134000000;11.9;11.93;11.97;11.87;1566
1603134900000;11.93;11.93;11.94;11.92;720
1603135800000;11.93;11.93;11.93;11.91;670
1603136700000;11.93;11.87;11.93;11.85;898
1603201500000;11.78;11.9;11.91;11.65;1230
1603202400000;11.91;11.94;11.94;11.88;1172
1603203300000;11.94;11.91;11.95;11.87;1609
1603204200000;11.91;11.93;11.93;11.89;1031
1603205100000;11.93;11.94;11.95;11.91;737
1603206000000;11.94;11.95;11.96;11.93;828
1603206900000;11.94;11.92;11.96;11.91;904
1603207800000;11.93;11.95;11.95;11.93;438
1603208700000;11.95;11.98;11.98;11.95;558
1603209600000;11.98;11.99;11.99;11.97;548
1603210500000;11.98;11.97;12.0;11.96;591
1603211400000;11.96;11.98;11.98;11.94;607
1603212300000;11.98;12.03;12.05;11.98;1140
1603213200000;12.03;12.08;12.08;12.03;811
1603214100000;12.08;12.1;12.12;12.08;672
1603215000000;12.1;12.13;12.13;12.09;583
1603215900000;12.12;12.14;12.14;12.11;618
1603216800000;12.13;12.13;12.14;12.12;698
1603217700000;12.12;12.14;12.14;12.1;513
1603218600000;12.14;12.16;12.18;12.14;959
1603219500000;12.17;12.13;12.19;12.13;813
1603220400000;12.12;12.1;12.13;12.07;903
1603221300000;12.09;12.05;12.11;12.01;1835
1603222200000;12.04;12.07;12.07;12.0;1985
1603223100000;12.06;12.12;12.12;12.03;1548
1603287900000;12.11;12.18;12.18;12.02;1462
1603288800000;12.18;12.24;12.24;12.11;2406
1603289700000;12.23;12.27;12.29;12.2;1951
1603290600000;12.27;12.32;12.33;12.25;1541
1603291500000;12.32;12.33;12.35;12.32;1398
1603292400000;12.33;12.33;12.35;12.32;1172
1603293300000;12.33;12.27;12.33;12.25;1853
1603294200000;12.27;12.27;12.29;12.26;1020
1603295100000;12.27;12.3;12.3;12.26;985
1603296000000;12.3;12.31;12.32;12.29;992
1603296900000;12.31;12.33;12.34;12.3;886
1603297800000;12.33;12.37;12.41;12.32;1249
1603298700000;12.37;12.39;12.4;12.36;731
1603299600000;12.39;12.36;12.4;12.32;1467
1603300500000;12.37;12.35;12.39;12.35;1003
1603301400000;12.36;12.38;12.38;12.36;672
1603302300000;12.39;12.32;12.4;12.31;884
1603303200000;12.32;12.35;12.35;12.31;648
1603304100000;12.35;12.34;12.37;12.33;636
1603305000000;12.35;12.4;12.41;12.34;606
1603305900000;12.41;12.4;12.41;12.39;489
1603306800000;12.41;12.44;12.45;12.4;564
1603307700000;12.43;12.45;12.46;12.43;590
1603308600000;12.45;12.46;12.46;12.44;686
1603309500000;12.45;12.48;12.48;12.45;750
1603374300000;12.41;12.73;12.73;12.39;1487
1603375200000;12.73;12.72;12.75;12.69;1724
1603376100000;12.72;12.77;12.77;12.71;1533
1603377000000;12.77;12.73;12.79;12.69;1755
1603377900000;12.74;12.68;12.74;12.65;1597
1603378800000;12.68;12.76;12.79;12.68;1328
1603379700000;12.76;12.77;12.77;12.74;840
1603380600000;12.77;12.76;12.81;12.75;1192
1603381500000;12.76;12.74;12.77;12.74;803
1603382400000;12.73;12.78;12.79;12.73;1165
1603383300000;12.78;12.77;12.8;12.74;1329
1603384200000;12.78;12.82;12.82;12.76;945
1603385100000;12.82;12.84;12.84;12.8;938
1603386000000;12.84;12.83;12.84;12.81;817
1603386900000;12.83;12.84;12.85;12.82;631
1603387800000;12.83;12.83;12.84;12.82;545
1603388700000;12.82;12.83;12.85;12.81;611
1603389600000;12.84;12.92;12.94;12.83;1632
1603390500000;12.92;12.89;12.94;12.89;887
1603391400000;12.9;12.94;12.94;12.9;463
1603392300000;12.94;12.98;12.98;12.94;614
1603393200000;12.98;12.96;12.99;12.93;839
1603394100000;12.95;12.98;12.99;12.95;688
1603395000000;12.98;13.04;13.04;12.95;979
1603395900000;13.03;12.97;13.03;12.96;885
1603460700000;13.01;13.44;13.45;12.95;2496
1603461600000;13.44;13.29;13.44;13.21;2830
1603462500000;13.29;13.35;13.37;13.22;2585
1603463400000;13.36;13.17;13.36;13.14;1591
1603464300000;13.18;13.24;13.24;13.17;1379
1603465200000;13.23;13.25;13.28;13.22;1507
1603466100000;13.26;13.33;13.34;13.24;1260
1603467000000;13.35;13.3;13.4;13.29;2271
1603467900000;13.3;13.22;13.3;13.22;1005
1603468800000;13.22;13.21;13.22;13.19;835
1603469700000;13.21;13.21;13.22;13.21;395
1603470600000;13.21;13.16;13.22;13.12;1368
1603471500000;13.15;13.17;13.2;13.13;810
1603472400000;13.17;13.18;13.19;13.15;869
1603473300000;13.18;13.19;13.19;13.17;872
1603474200000;13.19;13.22;13.22;13.18;541
1603475100000;13.22;13.22;13.23;13.21;368
1603476000000;13.22;13.22;13.23;13.21;473
1603476900000;13.21;13.21;13.22;13.2;321
1603477800000;13.21;13.24;13.27;13.2;1345
1603478700000;13.24;13.24;13.25;13.23;377
1603479600000;13.23;13.23;13.24;13.22;395
1603480500000;13.24;13.25;13.27;13.24;810
1603481400000;13.25;13.25;13.26;13.24;347
1603482300000;13.24;13.25;13.26;13.24;716
1603719900000;13.1;12.92;13.16;12.85;925
1603720800000;12.93;12.92;12.98;12.88;1230
1603721700000;12.93;12.95;12.98;12.9;1352
1603722600000;12.94;12.93;12.96;12.89;906
1603723500000;12.93;12.88;12.94;12.86;1072
1603724400000;12.88;12.76;12.88;12.76;1115
1603725300000;12.77;12.82;12.83;12.77;1272
1603726200000;12.82;12.81;12.83;12.81;1027
1603727100000;12.8;12.78;12.81;12.76;844
1603728000000;12.78;12.75;12.79;12.71;825
1603728900000;12.75;12.81;12.86;12.75;891
1603729800000;12.81;12.75;12.81;12.75;608
1603730700000;12.75;12.76;12.76;12.74;150
1603731600000;12.76;12.75;12.76;12.74;379
1603732500000;12.74;12.73;12.77;12.73;466
1603733400000;12.73;12.73;12.74;12.71;399
1603734300000;12.74;12.74;12.76;12.73;528
1603735200000;12.74;12.73;12.74;12.73;282
1603736100000;12.73;12.82;12.84;12.72;941
1603737000000;12.83;12.86;12.86;12.83;661
1603737900000;12.87;12.82;12.87;12.82;805
1603738800000;12.83;12.81;12.83;12.78;938
1603739700000;12.82;12.75;12.84;12.74;883
1603740600000;12.75;12.76;12.76;12.71;1007
1603741500000;12.77;12.76;12.84;12.76;908
1603806300000;12.68;12.6;12.68;12.53;580
1603807200000;12.62;12.59;12.64;12.54;658
1603808100000;12.6;12.61;12.64;12.59;728
1603809000000;12.61;12.61;12.62;12.6;574
1603809900000;12.6;12.55;12.62;12.53;645
1603810800000;12.54;12.51;12.54;12.49;744
1603811700000;12.51;12.52;12.53;12.5;487
1603812600000;12.52;12.5;12.54;12.49;576
1603813500000;12.48;12.53;12.54;12.47;649
1603814400000;12.54;12.54;12.55;12.54;299
1603815300000;12.53;12.53;12.54;12.5;452
1603816200000;12.53;12.54;12.55;12.52;256
1603817100000;12.54;12.49;12.56;12.46;546
1603818000000;12.49;12.5;12.52;12.49;489
1603818900000;12.51;12.51;12.51;12.5;269
1603819800000;12.51;12.48;12.52;12.48;480
1603820700000;12.49;12.49;12.5;12.48;470
1603821600000;12.49;12.51;12.53;12.49;409
1603822500000;12.52;12.53;12.53;12.51;342
1603823400000;12.52;12.48;12.52;12.48;385
1603824300000;12.49;12.46;12.49;12.46;420
1603825200000;12.45;12.46;12.47;12.42;515
1603826100000;12.45;12.43;12.46;12.42;605
1603827000000;12.43;12.46;12.46;12.43;615
1603827900000;12.46;12.44;12.48;12.44;628
1603892700000;12.07;12.27;12.27;11.91;911
1603893600000;12.27;12.22;12.27;12.19;1011
1603894500000;12.22;12.26;12.27;12.18;1182
1603895400000;12.25;12.34;12.43;12.25;1370
1603896300000;12.34;12.29;12.35;12.27;1156
1603897200000;12.29;12.25;12.3;12.23;896
1603898100000;12.25;12.22;12.26;12.21;694
1603899000000;12.21;12.19;12.22;12.19;704
1603899900000;12.19;12.26;12.27;12.19;571
1603900800000;12.26;12.27;12.29;12.25;760
1603901700000;12.26;12.27;12.3;12.26;634
1603902600000;12.27;12.27;12.29;12.26;587
1603903500000;12.27;12.21;12.3;12.19;811
1603904400000;12.21;12.2;12.21;12.18;446
1603905300000;12.19;12.12;12.19;12.11;575
1603906200000;12.12;12.13;12.16;12.1;846
1603907100000;12.13;12.13;12.16;12.12;783
1603908000000;12.13;12.14;12.14;12.12;550
1603908900000;12.13;12.07;12.13;12.07;718
1603909800000;12.07;12.14;12.15;12.06;641
1603910700000;12.14;12.09;12.15;12.08;461
1603911600000;12.09;12.11;12.13;12.07;972
1603912500000;12.1;12.09;12.11;12.09;669
1603913400000;12.09;12.1;12.12;12.08;746
1603914300000;12.1;12.08;12.12;12.08;526
1603979100000;11.84;11.86;11.86;11.74;761
1603980000000;11.85;11.94;11.97;11.82;835
1603980900000;11.95;11.93;11.97;11.91;1032
1603981800000;11.94;12.07;12.07;11.93;1372
1603982700000;12.07;12.14;12.14;12.03;1554
1603983600000;12.14;12.11;12.15;12.11;1483
1603984500000;12.12;12.13;12.14;12.05;1252
1603985400000;12.13;12.14;12.17;12.13;752
1603986300000;12.14;12.03;12.14;12.03;761
1603987200000;12.04;12.02;12.05;12.0;630
1603988100000;12.04;12.03;12.04;12.0;623
1603989000000;12.03;12.04;12.04;12.02;357
1603989900000;12.03;12.05;12.05;12.02;432
1603990800000;12.04;11.98;12.04;11.96;734
1603991700000;11.97;11.95;11.98;11.94;463
1603992600000;11.94;11.98;11.98;11.92;704
1603993500000;11.98;12.04;12.04;11.98;701
1603994400000;12.05;12.11;12.11;12.05;719
1603995300000;12.11;12.12;12.13;12.09;993
1603996200000;12.12;12.13;12.17;12.12;766
1603997100000;12.14;12.12;12.14;12.11;725
1603998000000;12.11;12.09;12.11;12.09;770
1603998900000;12.1;12.12;12.15;12.1;810
1603999800000;12.11;12.13;12.14;12.1;705
1604000700000;12.12;12.09;12.13;12.09;1805
1604065500000;12.01;12.04;12.1;11.89;862
1604066400000;12.05;12.05;12.08;11.99;1045
1604067300000;12.06;12.06;12.08;12.02;787
1604068200000;12.07;12.08;12.11;12.05;889
1604069100000;12.09;12.05;12.09;12.03;957
1604070000000;12.05;12.01;12.06;12.0;674
1604070900000;12.03;12.12;12.12;12.03;873
1604071800000;12.1;12.09;12.13;12.07;859
1604072700000;12.09;12.08;12.12;12.07;528
1604073600000;12.07;12.08;12.1;12.07;879
1604074500000;12.08;12.04;12.08;12.04;580
1604075400000;12.04;12.04;12.05;12.03;385
1604076300000;12.02;12.0;12.04;12.0;484
1604077200000;11.99;11.99;12.0;11.99;284
1604078100000;11.99;12.0;12.0;11.99;401
1604079000000;11.99;12.02;12.04;11.99;324
1604079900000;12.01;11.96;12.02;11.95;475
1604080800000;11.96;12.01;12.03;11.96;820
1604081700000;12.02;12.05;12.06;12.01;512
1604082600000;12.05;12.04;12.09;12.04;620
1604083500000;12.03;11.99;12.03;11.99;709
1604084400000;11.98;11.99;12.02;11.98;634
1604085300000;11.98;12.0;12.01;11.97;916
1604086200000;12.0;11.99;12.0;11.98;693
1604087100000;11.99;11.95;12.0;11.94;953
1604328300000;12.07;11.98;12.18;11.94;1325
1604329200000;11.97;12.07;12.09;11.96;1526
1604330100000;12.09;12.18;12.21;12.09;1338
1604331000000;12.18;12.2;12.22;12.15;1150
1604331900000;12.2;12.19;12.21;12.18;872
1604332800000;12.2;12.15;12.21;12.14;871
1604333700000;12.15;12.2;12.21;12.14;963
1604334600000;12.19;12.22;12.22;12.18;688
1604335500000;12.22;12.28;12.28;12.2;874
1604336400000;12.27;12.27;12.28;12.23;1002
1604337300000;12.27;12.26;12.28;12.25;745
1604338200000;12.26;12.28;12.28;12.24;596
1604339100000;12.27;12.22;12.28;12.22;555
1604340000000;12.21;12.18;12.21;12.16;621
1604340900000;12.17;12.12;12.17;12.11;580
1604341800000;12.11;12.13;12.13;12.08;762
1604342700000;12.14;12.13;12.15;12.12;782
1604343600000;12.13;12.14;12.16;12.13;621
1604344500000;12.14;12.2;12.2;12.14;778
1604345400000;12.2;12.24;12.24;12.2;593
1604346300000;12.24;12.28;12.29;12.24;679
1604347200000;12.3;12.3;12.32;12.28;1060
1604348100000;12.31;12.3;12.32;12.3;584
1604349000000;12.31;12.29;12.31;12.29;480
1604349900000;12.3;12.26;12.3;12.26;951
1604414700000;12.33;12.49;12.5;12.3;1259
1604415600000;12.5;12.57;12.58;12.49;1539
1604416500000;12.57;12.46;12.58;12.46;1555
1604417400000;12.47;12.46;12.5;12.42;1321
1604418300000;12.47;12.43;12.47;12.38;1102
1604419200000;12.43;12.53;12.53;12.4;1443
1604420100000;12.53;12.59;12.66;12.51;3424
1604421000000;12.6;12.59;12.62;12.56;1098
1604421900000;12.6;12.65;12.7;12.58;1382
1604422800000;12.65;12.54;12.65;12.53;1402
1604423700000;12.55;12.51;12.56;12.51;876
1604424600000;12.51;12.49;12.52;12.45;938
1604425500000;12.49;12.49;12.53;12.46;626
1604426400000;12.49;12.49;12.51;12.47;535
1604427300000;12.49;12.49;12.52;12.48;870
1604428200000;12.5;12.47;12.5;12.45;467
1604429100000;12.48;12.48;12.48;12.44;691
1604430000000;12.49;12.44;12.49;12.42;1076
1604430900000;12.43;12.43;12.47;12.4;1350
1604431800000;12.41;12.38;12.43;12.37;548
1604432700000;12.38;12.46;12.47;12.38;1035
1604433600000;12.45;12.46;12.51;12.45;1019
1604434500000;12.45;12.45;12.46;12.42;935
1604435400000;12.45;12.47;12.48;12.44;1074
1604436300000;12.47;12.52;12.53;12.47;1293
1604501100000;12.4;12.35;12.4;12.02;522
1604502000000;12.31;12.39;12.41;12.3;801
1604502900000;12.39;12.38;12.42;12.35;988
1604503800000;12.38;12.48;12.52;12.36;1157
1604504700000;12.49;12.47;12.54;12.44;1357
1604505600000;12.49;12.47;12.5;12.45;1264
1604506500000;12.46;12.45;12.5;12.45;1365
1604507400000;12.46;12.6;12.63;12.44;1303
1604508300000;12.6;12.64;12.66;12.59;1685
1604509200000;12.65;12.65;12.67;12.61;1390
1604510100000;12.64;12.65;12.71;12.64;1309
1604511000000;12.65;12.6;12.67;12.59;1237
1604511900000;12.6;12.59;12.63;12.57;1389
1604512800000;12.59;12.51;12.63;12.49;1768
1604513700000;12.52;12.48;12.53;12.47;888
1604514600000;12.49;12.48;12.5;12.45;804
1604515500000;12.48;12.45;12.5;12.41;741
1604516400000;12.47;12.46;12.48;12.45;740
1604517300000;12.47;12.45;12.48;12.44;721
1604518200000;12.44;12.43;12.46;12.42;672
1604519100000;12.43;12.39;12.43;12.38;432
1604520000000;12.39;12.43;12.43;12.39;656
1604520900000;12.42;12.37;12.42;12.36;780
1604521800000;12.36;12.32;12.36;12.32;714
1604522700000;12.33;12.36;12.37;12.33;774
1604587500000;12.2;12.73;12.74;12.16;879
1604588400000;12.73;12.76;12.87;12.7;1387
1604589300000;12.76;12.81;12.82;12.73;1521
1604590200000;12.8;12.89;12.96;12.8;1455
1604591100000;12.88;12.91;12.94;12.87;1155
1604592000000;12.91;12.78;12.95;12.75;2197
1604592900000;12.78;12.74;12.78;12.7;870
1604593800000;12.74;12.73;12.75;12.72;619
1604594700000;12.74;12.75;12.75;12.72;410
1604595600000;12.75;12.76;12.76;12.74;289
1604596500000;12.75;12.75;12.76;12.74;405
1604597400000;12.75;12.74;12.75;12.72;330
1604598300000;12.75;12.76;12.77;12.74;464
1604599200000;12.76;12.77;12.79;12.75;1026
1604600100000;12.77;12.76;12.82;12.75;747
1604601000000;12.77;12.84;12.85;12.77;485
1604601900000;12.83;12.85;12.85;12.83;319
1604602800000;12.84;12.9;12.9;12.81;524
1604603700000;12.91;12.89;12.95;12.87;520
1604604600000;12.89;12.86;12.89;12.85;427
1604605500000;12.85;12.9;12.9;12.83;1239
1604606400000;12.91;12.93;12.95;12.86;1914
1604607300000;12.92;12.91;12.95;12.89;1396
1604608200000;12.92;12.94;12.96;12.88;1062
1604609100000;12.95;12.95;12.97;12.9;1288
1604673900000;12.9;13.24;13.29;12.88;853
1604674800000;13.27;13.21;13.28;13.17;962
1604675700000;13.21;13.24;13.25;13.1;1292
1604676600000;13.23;13.09;13.25;13.03;1210
1604677500000;13.09;13.04;13.09;12.93;1177
1604678400000;13.03;12.97;13.03;12.95;864
1604679300000;12.96;13.02;13.06;12.95;1100
1604680200000;13.01;13.0;13.04;12.98;1024
1604681100000;13.0;13.04;13.05;13.0;603
1604682000000;13.02;13.03;13.06;13.02;703
1604682900000;13.02;13.12;13.12;13.0;1006
1604683800000;13.12;13.18;13.18;13.11;724
1604684700000;13.18;13.05;13.18;12.98;799
1604685600000;13.06;13.09;13.14;13.05;602
1604686500000;13.1;13.15;13.16;13.09;482
1604687400000;13.14;13.14;13.17;13.09;685
1604688300000;13.14;13.16;13.19;13.14;603
1604689200000;13.16;13.19;13.19;13.16;692
1604690100000;13.2;13.24;13.24;13.17;805
1604691000000;13.24;13.31;13.32;13.23;539
1604691900000;13.3;13.32;13.32;13.3;674
1604692800000;13.31;13.34;13.34;13.29;565
1604693700000;13.33;13.31;13.33;13.28;855
1604694600000;13.3;13.29;13.35;13.28;1027
1604695500000;13.29;13.34;13.34;13.24;1530
